Region,Area,2016 SFBB availability (% premises),2016 UFBB availability (% premises),2017 SFBB availability (% premises),2017 UFBB availability (% premises),2018 SFBB availability (% premises),2018 UFBB availability (% premises),2019 SFBB availability (% premises),2019 UFBB availability (% premises),2020 SFBB availability (% premises),2020 UFBB availability (% premises),2021 SFBB availability (% premises),2021 UFBB availability (% premises),2016,2017,2018,2019,2020,2021
East,BASILDON,91.0,1.0,35.0,57.0,28.2,66.6,29.1,66.9,96.7,69.5,97.9,77.6,30560.0,29839.0,31084.0,32748.0,32597.0,32745.0
East,BEDFORD,87.0,1.0,57.0,34.0,23.8,71.7,26.6,69.5,96.5,70.2,97.0,72.3,29564.0,30250.0,29741.0,31624.0,34562.0,31036.0
East,BRAINTREE,68.0,0.0,76.0,0.0,82.3,0.8,85.1,2.5,89.2,4.9,93.2,12.9,31481.0,31793.0,32464.0,33681.0,33294.0,31945.0
East,BRECKLAND,77.0,0.0,80.0,0.0,82.4,1.3,83.4,3.8,88.7,4.5,90.7,17.6,24329.0,24050.0,26041.0,26208.0,26582.0,26960.0
East,BROADLAND,84.0,0.0,62.0,24.0,55.1,35.2,55.2,37.0,93.0,37.4,94.1,40.1,27525.0,27417.0,29091.0,30717.0,32001.0,30400.0
East,BROXBOURNE,97.0,0.0,18.0,80.0,13.8,84.6,14.6,83.9,98.7,84.1,98.7,82.9,32020.0,32285.0,33541.0,33300.0,37847.0,34615.0
East,CAMBRIDGE,95.0,1.0,62.0,36.0,14.5,84.2,12.9,85.2,98.2,85.3,98.2,87.8,31014.0,32247.0,32980.0,34275.0,34919.0,36913.0
East,CENTRAL BEDFORDSHIRE,88.0,0.0,90.0,2.0,33.9,60.8,35.6,60.3,96.3,62.3,97.0,66.8,32266.0,31507.0,32266.0,34868.0,36229.0,35000.0
East,CHELMSFORD,86.0,0.0,49.0,37.0,46.5,44.9,47.8,45.6,94.0,46.4,94.9,58.0,31822.0,31767.0,30812.0,32562.0,35023.0,37345.0
East,COLCHESTER,84.0,0.0,50.0,38.0,51.1,40.8,43.8,48.3,92.4,50.8,94.5,56.1,29032.0,30923.0,30906.0,31091.0,32523.0,31445.0
East,DACORUM,89.0,0.0,32.0,58.0,28.1,66.4,26.8,68.3,95.9,72.2,96.5,73.5,33747.0,33337.0,33918.0,32943.0,35265.0,33924.0
East,EAST CAMBRIDGESHIRE,88.0,1.0,81.0,8.0,65.1,26.4,63.7,29.4,93.9,30.8,94.8,39.3,28252.0,30180.0,29474.0,32182.0,32743.0,32523.0
East,EAST HERTFORDSHIRE,74.0,3.0,29.0,52.0,30.4,61.6,32.5,60.8,94.0,64.0,95.0,65.6,34805.0,35349.0,36006.0,39364.0,40268.0,38763.0
East,EPPING FOREST,82.0,9.0,22.0,68.0,15.2,78.7,19.2,73.5,93.5,74.2,94.4,76.8,35876.0,35106.0,35363.0,37466.0,36688.0,36691.0
East,FENLAND,88.0,0.0,75.0,15.0,38.4,54.4,37.8,55.7,94.0,50.7,94.5,58.7,26454.0,26419.0,27708.0,27935.0,28678.0,27655.0
East,HARLOW,97.0,0.0,9.0,88.0,6.9,90.3,13.3,83.4,96.7,81.0,96.1,88.2,26993.0,27271.0,27558.0,27704.0,27678.0,29234.0
East,HERTSMERE,96.0,0.0,33.0,63.0,22.1,75.2,21.7,75.9,98.0,79.6,97.5,73.7,30220.0,31496.0,32942.0,34632.0,35774.0,35275.0
East,HUNTINGDONSHIRE,89.0,3.0,87.0,6.0,41.2,53.7,44.7,50.5,96.0,51.7,95.7,52.2,29445.0,30694.0,31760.0,31699.0,31140.0,30577.0
East,IPSWICH,97.0,1.0,29.0,69.0,34.9,63.6,20.0,78.8,98.5,82.9,98.1,84.1,26824.0,26673.0,26941.0,28353.0,27512.0,28222.0
East,KING'S LYNN AND WEST NORFOLK,79.0,0.0,81.0,0.0,84.0,2.1,84.9,5.2,91.0,6.2,91.3,7.0,26405.0,25353.0,27216.0,27430.0,31123.0,28115.0
East,LUTON,98.0,0.0,21.0,76.0,7.6,92.0,8.0,91.3,99.2,92.4,99.1,90.1,26735.0,28777.0,27934.0,29940.0,29472.0,29258.0
East,MID SUFFOLK,65.0,1.0,70.0,1.0,78.5,4.8,80.2,8.5,89.9,8.9,92.0,15.1,26853.0,25948.0,27479.0,29480.0,30805.0,30000.0
East,NORTH HERTFORDSHIRE,84.0,0.0,84.0,4.0,23.2,71.5,26.2,69.0,95.7,69.5,95.9,69.4,35102.0,36029.0,34796.0,38643.0,39756.0,38477.0
East,NORTH NORFOLK,75.0,0.0,79.0,0.0,82.6,0.8,85.4,2.4,89.6,3.2,90.4,4.4,23266.0,24479.0,24529.0,25724.0,27213.0,28019.0
East,PETERBOROUGH,94.0,3.0,29.0,68.0,28.1,69.5,25.0,72.4,97.7,72.9,98.0,81.9,24760.0,24245.0,25250.0,27235.0,27996.0,28646.0
East,SOUTH CAMBRIDGESHIRE,84.0,7.0,71.0,23.0,39.3,56.0,45.2,50.0,95.3,52.4,95.1,52.5,35425.0,35432.0,37414.0,40052.0,38726.0,39853.0
East,SOUTH NORFOLK,75.0,0.0,78.0,1.0,76.3,6.9,80.5,7.0,88.6,7.8,91.2,14.9,29934.0,27314.0,30903.0,30393.0,30305.0,32028.0
East,SOUTHEND-ON-SEA,95.0,0.0,43.0,52.0,36.1,59.6,36.4,58.8,96.1,60.2,97.0,67.4,29592.0,30099.0,31968.0,32252.0,33092.0,35588.0
East,TENDRING,79.0,0.0,85.0,0.0,89.6,0.5,89.1,3.1,93.5,5.1,96.2,8.9,25818.0,27554.0,27011.0,28786.0,28979.0,29994.0
East,THREE RIVERS,93.0,0.0,30.0,64.0,32.5,63.4,24.3,71.9,96.8,73.3,96.5,74.9,32312.0,32371.0,34391.0,32531.0,37929.0,35093.0
East,THURROCK,92.0,0.0,27.0,66.0,20.8,74.0,23.8,71.4,95.5,73.2,95.2,74.2,29643.0,29696.0,30248.0,31553.0,33574.0,35027.0
East,WATFORD,95.0,0.0,36.0,62.0,20.9,77.7,17.1,82.2,99.3,87.4,98.7,85.9,34006.0,34920.0,30760.0,34329.0,34782.0,30876.0
East,WELWYN HATFIELD,91.0,0.0,88.0,5.0,26.7,68.5,26.6,70.1,97.0,72.2,96.9,73.3,31346.0,32453.0,32453.0,32782.0,34193.0,31635.0
East Midlands,AMBER VALLEY,87.0,0.0,87.0,1.0,70.2,22.0,67.4,25.3,93.3,25.5,95.3,27.3,27832.0,30031.0,29696.0,29602.0,33614.0,31174.0
East Midlands,ASHFIELD,97.0,0.0,98.0,0.0,9.5,89.3,14.6,83.7,98.5,85.3,98.2,86.2,24258.0,24664.0,25348.0,26074.0,26446.0,27366.0
East Midlands,BLABY,96.0,0.0,28.0,68.0,35.6,61.3,33.5,64.2,97.8,67.8,97.7,70.2,30372.0,30294.0,29618.0,30834.0,35234.0,29137.0
East Midlands,BOLSOVER,90.0,0.0,91.0,0.0,65.4,27.7,66.1,27.4,94.2,28.8,94.8,37.4,24659.0,23587.0,24912.0,25781.0,27576.0,26718.0
East Midlands,BOSTON,83.0,0.0,86.0,0.0,86.2,0.8,86.9,2.7,90.9,3.6,91.0,4.5,21837.0,21089.0,21491.0,22459.0,24275.0,24655.0
East Midlands,BROXTOWE,98.0,0.0,16.0,83.0,8.6,90.9,9.5,89.5,99.1,89.5,98.8,90.4,30678.0,29428.0,29195.0,31669.0,31847.0,32458.0
East Midlands,CHARNWOOD,96.0,0.0,43.0,53.0,50.2,47.4,27.6,70.4,97.9,70.9,97.3,69.5,28462.0,27279.0,29660.0,31622.0,30232.0,29279.0
East Midlands,CHESTERFIELD,92.0,0.0,94.0,0.0,64.3,31.6,62.5,33.8,96.7,36.7,97.1,52.8,25775.0,25843.0,26008.0,26551.0,27590.0,26646.0
East Midlands,DERBY,95.0,0.0,26.0,71.0,21.5,77.7,11.8,87.3,99.2,87.8,98.7,88.8,28376.0,28633.0,31954.0,30365.0,31465.0,30739.0
East Midlands,DERBYSHIRE DALES,68.0,0.0,77.0,1.0,78.9,3.7,79.9,5.2,87.4,6.4,89.3,8.4,31058.0,31356.0,30906.0,31887.0,35011.0,28282.0
East Midlands,EAST LINDSEY,79.0,0.0,78.0,2.0,76.4,8.4,73.4,12.7,86.9,14.0,87.7,15.3,25017.0,24468.0,25676.0,25659.0,26304.0,25737.0
East Midlands,EREWASH,97.0,0.0,29.0,69.0,23.5,74.7,24.3,73.6,98.0,74.3,98.0,75.2,26940.0,26863.0,27622.0,29222.0,29529.0,30255.0
East Midlands,GEDLING,98.0,0.0,77.0,21.0,19.2,79.7,11.5,87.4,99.1,88.0,98.7,86.4,27746.0,27680.0,28628.0,29339.0,30042.0,30372.0
East Midlands,HARBOROUGH,87.0,2.0,69.0,22.0,65.3,28.5,61.4,33.2,94.7,34.2,94.8,33.8,33032.0,36117.0,35000.0,34701.0,36747.0,36004.0
East Midlands,HIGH PEAK,83.0,0.0,86.0,0.0,87.3,1.5,86.0,4.0,91.6,6.8,92.6,7.6,25429.0,28654.0,28246.0,27581.0,29357.0,28665.0
East Midlands,HINCKLEY AND BOSWORTH,92.0,0.0,88.0,5.0,32.2,63.1,36.6,58.5,95.3,60.8,96.1,62.0,26085.0,27384.0,28713.0,29453.0,29174.0,30866.0
East Midlands,LEICESTER,93.0,0.0,16.0,78.0,22.2,76.5,14.3,84.8,99.1,88.4,98.8,91.2,21996.0,21830.0,22189.0,23748.0,24711.0,25355.0
East Midlands,LINCOLN,98.0,0.0,21.0,77.0,20.7,78.1,18.4,79.9,98.3,79.9,98.0,80.2,24465.0,23272.0,24908.0,26326.0,28777.0,25632.0
East Midlands,MELTON,84.0,0.0,88.0,1.0,43.2,50.1,47.9,45.6,93.6,46.0,93.3,46.1,25468.0,26815.0,27112.0,26209.0,27673.0,24017.0
East Midlands,NEWARK AND SHERWOOD,88.0,0.0,91.0,1.0,41.2,53.1,43.9,51.4,95.6,51.5,95.1,54.1,25125.0,24785.0,27562.0,26578.0,30703.0,30437.0
East Midlands,NORTH WEST LEICESTERSHIRE,92.0,0.0,34.0,58.0,52.9,42.6,29.9,65.3,95.4,63.0,96.4,67.5,25975.0,26638.0,29870.0,30092.0,30209.0,31381.0
East Midlands,NOTTINGHAM,94.0,2.0,20.0,76.0,23.5,74.6,9.1,88.0,97.0,88.0,98.2,91.0,23360.0,23493.0,23293.0,25078.0,25216.0,25196.0
East Midlands,RUSHCLIFFE,92.0,0.0,31.0,63.0,34.6,61.7,28.7,67.9,96.9,68.4,97.1,72.1,35113.0,36520.0,34891.0,35545.0,35262.0,34425.0
East Midlands,RUTLAND,79.0,6.0,82.0,8.0,82.2,8.3,81.4,10.0,93.4,11.3,91.7,12.8,27953.0,28814.0,27880.0,30175.0,32489.0,32597.0
East Midlands,SOUTH DERBYSHIRE,84.0,0.0,83.0,3.0,77.8,13.5,73.8,17.4,92.6,22.0,93.6,31.4,29290.0,30028.0,32974.0,32047.0,35269.0,32744.0
East Midlands,SOUTH HOLLAND,78.0,0.0,80.0,1.0,81.0,3.0,80.9,5.9,88.0,7.2,88.5,8.9,25292.0,24936.0,25781.0,26830.0,30182.0,30880.0
East Midlands,WEST LINDSEY,85.0,0.0,74.0,11.0,73.0,12.7,59.6,25.3,85.3,29.4,85.5,31.5,25486.0,27959.0,29330.0,29789.0,30286.0,31829.0
London,BARKING AND DAGENHAM,95.0,3.0,16.0,81.0,28.8,70.7,8.9,89.4,98.9,90.5,98.7,89.8,28012.0,30200.0,29313.0,29363.0,32852.0,32931.0
London,BARNET,92.0,2.0,62.0,34.0,54.1,42.6,45.9,51.2,97.3,53.3,97.2,57.0,33443.0,37340.0,35645.0,36292.0,36411.0,35716.0
London,BEXLEY,93.0,1.0,27.0,67.0,20.2,77.0,21.6,74.7,96.6,75.4,97.1,78.7,34109.0,33453.0,34857.0,36932.0,39912.0,37572.0
London,BRENT,91.0,2.0,53.0,42.0,35.8,61.7,41.4,55.6,96.7,59.6,96.7,71.8,29589.0,30347.0,30335.0,31746.0,34172.0,33805.0
London,BROMLEY,96.0,0.0,47.0,50.0,22.8,75.3,16.1,81.2,97.5,85.1,97.6,86.3,37657.0,40184.0,40000.0,41008.0,43704.0,41170.0
London,CAMDEN,94.0,1.0,94.0,3.0,14.6,82.7,13.1,82.3,95.4,85.8,95.9,87.0,39810.0,39537.0,41691.0,42416.0,41848.0,39994.0
London,CROYDON,91.0,4.0,28.0,67.0,18.7,78.3,24.0,71.7,96.0,75.7,96.0,83.6,32523.0,33541.0,35861.0,35172.0,37570.0,36347.0
London,EALING,94.0,2.0,46.0,51.0,34.8,63.8,31.1,67.2,98.4,70.9,98.0,73.6,31237.0,32929.0,33019.0,31769.0,36482.0,34190.0
London,ENFIELD,97.0,0.0,46.0,52.0,35.0,63.7,19.7,77.6,96.9,79.1,96.8,86.3,30843.0,30920.0,30919.0,32997.0,33088.0,35586.0
London,GREENWICH,89.0,6.0,70.0,27.0,32.5,65.8,22.5,75.4,97.9,76.7,98.0,77.8,32433.0,33145.0,35988.0,35953.0,36670.0,35598.0
London,HACKNEY,90.0,3.0,42.0,53.0,31.6,65.7,28.1,69.1,97.2,69.6,96.5,71.1,32211.0,34816.0,33652.0,35974.0,37440.0,36351.0
London,HAMMERSMITH AND FULHAM,84.0,5.0,64.0,28.0,36.6,57.6,41.7,52.3,94.1,54.6,93.4,56.6,38009.0,40092.0,39420.0,42104.0,41267.0,39430.0
London,HARINGEY,95.0,1.0,21.0,77.0,14.2,84.8,16.0,82.2,98.3,82.5,98.3,83.8,30754.0,32965.0,33254.0,35757.0,35653.0,35963.0
London,HARROW,96.0,1.0,27.0,70.0,29.9,68.0,21.3,76.0,97.3,76.5,97.6,76.7,33400.0,34219.0,35000.0,35325.0,38347.0,38827.0
London,HAVERING,96.0,1.0,17.0,80.0,19.3,79.1,16.5,79.9,95.7,82.1,95.7,80.3,33234.0,32986.0,34145.0,33892.0,36017.0,35885.0
London,HILLINGDON,95.0,0.0,13.0,82.0,9.3,88.3,13.0,82.8,96.0,83.6,96.0,84.7,33500.0,31618.0,30605.0,31340.0,35155.0,35695.0
London,HOUNSLOW,93.0,3.0,18.0,78.0,19.2,79.2,13.4,84.1,97.6,84.0,97.3,85.9,30901.0,31792.0,32162.0,34682.0,34804.0,32516.0
London,ISLINGTON,89.0,3.0,31.0,65.0,17.4,78.2,18.5,75.7,94.5,76.5,94.6,80.1,36635.0,37972.0,45000.0,43715.0,46706.0,42786.0
London,KINGSTON UPON THAMES,95.0,1.0,13.0,84.0,7.3,91.0,11.0,86.0,97.0,85.2,97.8,86.7,38034.0,37594.0,38055.0,38561.0,41255.0,40572.0
London,LAMBETH,87.0,3.0,59.0,34.0,34.3,62.3,28.2,66.5,95.5,68.3,95.5,66.0,33315.0,34266.0,38000.0,36969.0,42040.0,40511.0
London,LEWISHAM,84.0,9.0,64.0,31.0,35.7,60.8,31.9,64.2,96.0,64.5,94.8,63.1,33080.0,34201.0,33514.0,33754.0,37167.0,35365.0
London,MERTON,96.0,1.0,17.0,81.0,16.0,83.0,14.9,83.4,98.4,83.7,98.2,86.8,34011.0,35708.0,37106.0,37906.0,41998.0,34127.0
London,NEWHAM,86.0,11.0,29.0,68.0,13.8,84.0,17.8,79.9,97.2,80.0,97.6,81.5,27773.0,29107.0,30871.0,31807.0,32909.0,34869.0
London,REDBRIDGE,90.0,7.0,22.0,75.0,26.1,72.2,14.5,83.9,98.0,86.1,97.1,81.7,33742.0,33201.0,33632.0,35534.0,36573.0,37118.0
London,RICHMOND UPON THAMES,95.0,0.0,19.0,78.0,14.3,84.8,18.9,79.2,97.8,81.9,97.7,84.2,42068.0,40818.0,42338.0,43069.0,49574.0,42151.0
London,SOUTHWARK,76.0,6.0,62.0,25.0,26.7,67.3,23.4,68.3,91.9,70.5,92.9,75.6,33975.0,35012.0,36159.0,39130.0,38403.0,38030.0
London,SUTTON,97.0,0.0,22.0,76.0,15.8,82.8,16.8,81.2,97.9,80.0,98.2,84.4,32723.0,32425.0,35758.0,36547.0,34996.0,36459.0
London,TOWER HAMLETS,69.0,17.0,45.0,45.0,27.4,62.6,29.8,60.0,90.5,61.2,92.1,67.3,36089.0,37643.0,38108.0,42608.0,41590.0,40533.0
London,WALTHAM FOREST,79.0,18.0,14.0,82.0,7.4,90.5,10.6,86.1,96.5,87.1,96.0,86.9,30746.0,31419.0,33212.0,34917.0,36875.0,36096.0
London,WANDSWORTH,87.0,5.0,65.0,29.0,29.4,67.8,22.6,74.1,96.8,74.7,96.7,75.3,41325.0,40123.0,41724.0,43449.0,46430.0,43651.0
London,WESTMINSTER,70.0,5.0,71.0,14.0,50.6,30.2,45.7,38.3,84.9,46.2,88.6,60.9,41729.0,43105.0,44712.0,43990.0,44544.0,41977.0
North East,COUNTY DURHAM,91.0,0.0,91.0,1.0,89.3,3.2,83.9,9.0,93.5,11.6,93.9,22.3,25011.0,25667.0,26331.0,27557.0,28239.0,28259.0
North East,GATESHEAD,91.0,1.0,28.0,65.0,39.0,57.1,31.1,64.4,95.6,64.2,95.5,69.9,25049.0,25802.0,25985.0,26504.0,26476.0,26937.0
North East,HARTLEPOOL,95.0,0.0,19.0,76.0,8.3,89.3,12.9,83.1,96.3,84.2,96.1,88.1,25970.0,25525.0,26929.0,26523.0,28653.0,27717.0
North East,MIDDLESBROUGH,94.0,0.0,9.0,85.0,5.8,91.9,8.5,87.8,96.4,89.4,95.4,88.4,24966.0,24141.0,25434.0,26044.0,26645.0,26393.0
North East,NEWCASTLE UPON TYNE,93.0,2.0,71.0,24.0,36.5,60.5,36.6,58.6,95.3,59.0,96.0,69.4,26577.0,26691.0,26928.0,28024.0,29050.0,30264.0
North East,NORTH TYNESIDE,88.0,0.0,38.0,57.0,36.4,61.7,36.9,61.0,98.2,62.5,98.5,70.0,26092.0,27855.0,28726.0,29525.0,29523.0,29029.0
North East,NORTHUMBERLAND,86.0,1.0,87.0,2.0,88.9,2.3,85.5,6.6,92.9,7.6,92.8,9.2,26454.0,27113.0,27460.0,27430.0,28472.0,28229.0
North East,REDCAR AND CLEVELAND,93.0,0.0,30.0,63.0,9.3,87.8,11.7,84.5,96.4,84.9,96.3,83.7,24403.0,25390.0,24973.0,25836.0,26675.0,24781.0
North East,SOUTH TYNESIDE,91.0,0.0,94.0,0.0,21.3,76.9,28.1,69.4,97.7,70.7,97.8,76.3,23744.0,25301.0,24979.0,25930.0,26529.0,27356.0
North East,STOCKTON-ON-TEES,92.0,0.0,31.0,63.0,22.3,73.8,23.5,71.6,95.8,84.3,95.1,84.8,27752.0,26538.0,26889.0,29477.0,29450.0,27834.0
North East,SUNDERLAND,96.0,0.0,47.0,49.0,43.6,53.3,40.5,55.9,96.7,57.0,96.3,60.3,25171.0,24914.0,25649.0,25456.0,26626.0,24961.0
North West,ALLERDALE,83.0,0.0,86.0,1.0,90.1,1.0,89.8,1.7,92.1,2.3,92.5,3.1,29315.0,29363.0,29730.0,30474.0,33339.0,35461.0
North West,BARROW-IN-FURNESS,97.0,0.0,98.0,0.0,98.0,0.4,97.8,0.7,98.6,0.7,98.5,1.0,25885.0,30025.0,33580.0,31929.0,35230.0,34664.0
North West,BLACKBURN WITH DARWEN,94.0,0.0,38.0,59.0,36.9,60.9,35.9,61.5,97.6,63.1,97.3,67.3,22768.0,23183.0,23449.0,25121.0,24554.0,25902.0
North West,BLACKPOOL,98.0,0.0,74.0,24.0,27.5,71.8,34.4,64.5,99.0,66.7,98.4,70.4,21429.0,23055.0,22943.0,24795.0,24526.0,22833.0
North West,BOLTON,97.0,0.0,29.0,69.0,42.6,56.1,30.0,68.3,98.4,80.8,98.2,84.4,24815.0,24364.0,25007.0,26554.0,27066.0,26965.0
North West,BURNLEY,97.0,0.0,98.0,0.0,13.4,85.4,34.0,64.0,98.0,78.4,97.9,79.0,24142.0,23659.0,24795.0,28050.0,25334.0,26983.0
North West,BURY,96.0,0.0,61.0,36.0,53.8,43.5,51.2,45.7,97.1,49.1,97.2,60.3,28069.0,27652.0,29347.0,29650.0,32267.0,31341.0
North West,CARLISLE,88.0,0.0,63.0,27.0,46.1,46.8,48.3,44.9,93.4,46.1,93.5,47.9,23342.0,23192.0,24174.0,26437.0,29140.0,26396.0
North West,CHESHIRE EAST,88.0,1.0,87.0,3.0,60.7,30.6,60.0,32.3,92.8,33.4,93.5,40.7,28754.0,28682.0,29881.0,31960.0,32601.0,32103.0
North West,CHESHIRE WEST AND CHESTER,87.0,2.0,75.0,16.0,75.9,17.4,70.3,24.0,94.6,26.8,94.9,41.4,28819.0,29478.0,29756.0,30970.0,31389.0,32921.0
North West,CHORLEY,92.0,1.0,49.0,45.0,44.5,50.3,46.0,48.6,94.8,51.1,95.4,55.9,27486.0,27463.0,30169.0,31094.0,31157.0,33647.0
North West,COPELAND,83.0,0.0,87.0,0.0,93.3,0.5,93.4,1.2,94.9,1.4,94.8,1.6,38620.0,43252.0,44281.0,33132.0,45067.0,42995.0
North West,EDEN,71.0,0.0,73.0,2.0,76.7,2.6,76.6,3.3,80.7,3.6,80.9,5.3,24257.0,24413.0,24506.0,29095.0,30683.0,31770.0
North West,FYLDE,88.0,0.0,70.0,20.0,67.0,25.3,60.8,30.8,93.1,32.1,93.9,33.4,26983.0,30498.0,31837.0,31545.0,33449.0,30889.0
North West,HALTON,96.0,0.0,40.0,57.0,33.4,64.8,34.6,63.0,97.8,63.4,96.9,63.2,25250.0,26143.0,27592.0,27690.0,30405.0,28829.0
North West,HYNDBURN,96.0,0.0,47.0,49.0,40.5,56.9,40.6,56.9,97.6,58.2,97.4,72.8,23549.0,25069.0,22627.0,24912.0,24850.0,26927.0
North West,KNOWSLEY,96.0,0.0,26.0,72.0,31.6,67.4,26.8,71.9,98.6,73.8,98.6,78.1,25135.0,26235.0,26880.0,25849.0,28502.0,29493.0
North West,LIVERPOOL,93.0,2.0,21.0,75.0,36.1,61.3,20.9,73.9,94.7,77.2,94.5,78.4,25953.0,26017.0,26706.0,28800.0,30850.0,30000.0
North West,MANCHESTER,88.0,2.0,51.0,41.0,37.8,57.4,30.9,63.3,94.1,64.5,92.8,70.1,24185.0,25000.0,26199.0,26629.0,28143.0,27502.0
North West,OLDHAM,97.0,0.0,35.0,62.0,28.3,69.9,27.8,70.3,98.2,74.0,98.1,76.1,24051.0,24907.0,25003.0,25375.0,26062.0,27594.0
North West,PRESTON,93.0,1.0,31.0,65.0,25.2,72.3,33.5,63.8,97.4,66.7,97.1,68.8,24680.0,24176.0,25880.0,26057.0,26887.0,27425.0
North West,ROCHDALE,97.0,0.0,83.0,15.0,35.7,62.3,39.1,58.6,97.9,63.8,97.6,64.9,24421.0,24603.0,24904.0,26291.0,27305.0,25742.0
North West,ROSSENDALE,92.0,0.0,93.0,0.0,52.9,41.7,52.8,42.2,95.1,43.2,94.0,43.3,24041.0,23379.0,25000.0,26093.0,27643.0,29019.0
North West,SALFORD,90.0,3.0,23.0,70.0,17.9,78.4,16.5,79.2,96.0,81.1,95.5,82.1,25288.0,26097.0,26173.0,26944.0,29507.0,28081.0
North West,SEFTON,97.0,0.0,48.0,50.0,46.1,52.3,35.6,62.4,98.3,64.2,98.1,65.8,25517.0,26801.0,28330.0,28015.0,29543.0,30585.0
North West,SOUTH RIBBLE,95.0,0.0,33.0,62.0,31.1,65.6,35.4,60.7,96.5,61.9,96.8,67.0,26884.0,26750.0,27733.0,28014.0,29086.0,28260.0
North West,ST. HELENS,90.0,0.0,15.0,78.0,25.1,72.8,17.6,79.9,97.8,81.6,97.2,83.6,26008.0,25352.0,26224.0,28796.0,28435.0,29355.0
North West,STOCKPORT,98.0,0.0,22.0,76.0,25.4,73.5,19.4,79.1,98.5,81.3,98.1,82.6,28171.0,29048.0,31027.0,32246.0,34021.0,30724.0
North West,TAMESIDE,96.0,0.0,84.0,12.0,55.2,41.7,46.4,50.3,97.0,51.8,96.7,56.1,23419.0,24289.0,24401.0,25770.0,25825.0,27706.0
North West,TRAFFORD,96.0,0.0,63.0,35.0,33.9,64.2,32.4,65.2,97.8,66.3,97.7,66.4,34069.0,32047.0,34004.0,33791.0,35065.0,34936.0
North West,WARRINGTON,95.0,0.0,33.0,63.0,38.3,58.8,39.4,57.6,97.0,67.0,96.8,68.5,27856.0,28168.0,30776.0,30877.0,30245.0,31517.0
North West,WEST LANCASHIRE,83.0,0.0,85.0,3.0,78.3,13.1,73.6,20.0,94.4,26.5,94.5,37.5,27798.0,28445.0,29902.0,28396.0,29616.0,29454.0
North West,WIGAN,97.0,0.0,22.0,76.0,34.1,64.8,28.5,69.9,98.7,81.7,98.6,85.5,27094.0,26957.0,27031.0,26999.0,29366.0,30809.0
North West,WIRRAL,95.0,0.0,78.0,17.0,53.6,42.9,42.4,54.7,97.5,60.4,97.9,72.5,28183.0,27561.0,27708.0,29463.0,28997.0,29653.0
Scotland,ABERDEEN CITY,89.0,0.0,90.0,0.0,88.2,4.8,73.3,20.1,93.9,30.0,94.3,50.8,29350.0,28500.0,29829.0,30426.0,30615.0,29949.0
Scotland,ABERDEENSHIRE,69.0,0.0,72.0,0.0,77.1,1.2,78.5,2.8,82.0,3.2,82.8,8.5,29887.0,29434.0,30877.0,32539.0,33970.0,32605.0
Scotland,ANGUS,73.0,0.0,68.0,13.0,70.8,15.3,72.3,13.6,86.9,13.7,86.8,14.4,27505.0,27529.0,29052.0,29333.0,29858.0,30305.0
Scotland,ARGYLL AND BUTE,54.0,0.0,69.0,0.0,77.2,0.5,75.3,0.9,77.3,1.1,77.8,1.6,25592.0,24721.0,24517.0,27868.0,28321.0,26902.0
Scotland,CITY OF EDINBURGH,89.0,0.0,21.0,72.0,20.5,77.7,15.5,81.7,97.3,82.8,97.5,84.0,29426.0,30546.0,31521.0,32098.0,34124.0,33241.0
Scotland,DUMFRIES AND GALLOWAY,70.0,0.0,76.0,0.0,80.6,1.8,79.8,4.2,84.5,4.8,84.6,6.1,24414.0,24565.0,24130.0,24461.0,26142.0,27555.0
Scotland,DUNDEE CITY,97.0,0.0,16.0,82.0,9.3,89.6,13.6,84.7,98.5,84.8,98.5,84.9,24800.0,26289.0,26339.0,27346.0,29570.0,28192.0
Scotland,EAST AYRSHIRE,86.0,0.0,63.0,28.0,58.8,35.5,59.8,34.4,94.4,37.2,95.5,44.6,28786.0,27855.0,30071.0,29454.0,32601.0,32383.0
Scotland,EAST DUNBARTONSHIRE,89.0,0.0,91.0,0.0,19.5,76.5,21.3,74.7,96.4,74.9,96.1,77.0,33356.0,31949.0,34589.0,36166.0,36839.0,37402.0
Scotland,EAST LOTHIAN,76.0,0.0,83.0,0.0,86.9,2.0,83.5,8.2,92.5,11.9,92.7,29.6,29737.0,31777.0,31628.0,31654.0,32098.0,30788.0
Scotland,EAST RENFREWSHIRE,88.0,0.0,47.0,44.0,24.2,72.0,27.2,68.2,95.7,68.8,95.9,70.0,35410.0,36354.0,38136.0,40218.0,43289.0,44557.0
Scotland,FALKIRK,90.0,0.0,65.0,29.0,15.8,80.9,18.6,78.2,96.9,79.8,96.9,85.0,28248.0,27859.0,29327.0,29838.0,30079.0,30122.0
Scotland,FIFE,88.0,0.0,64.0,28.0,60.1,34.9,51.8,42.9,95.2,41.8,95.3,52.8,27584.0,27480.0,28300.0,29248.0,31147.0,30810.0
Scotland,GLASGOW CITY,89.0,2.0,72.0,21.0,38.8,58.9,41.1,54.2,96.8,58.9,97.0,65.5,26860.0,27112.0,27710.0,29542.0,31468.0,31872.0
Scotland,HIGHLAND,64.0,0.0,70.0,0.0,73.9,0.7,78.0,1.5,80.2,2.4,81.2,11.5,27918.0,28262.0,29044.0,29757.0,32002.0,31191.0
Scotland,INVERCLYDE,87.0,0.0,31.0,62.0,21.8,75.3,25.1,72.0,97.1,71.9,96.8,72.9,27955.0,28205.0,28908.0,27353.0,28242.0,31353.0
Scotland,MIDLOTHIAN,76.0,0.0,84.0,0.0,70.0,21.6,67.0,25.4,93.0,27.9,93.3,40.9,27501.0,28141.0,27587.0,28425.0,31061.0,30449.0
Scotland,MORAY,76.0,0.0,80.0,0.0,82.7,0.3,82.4,1.0,84.0,2.9,84.3,13.2,24519.0,27082.0,27269.0,28103.0,30024.0,28685.0
Scotland,NORTH AYRSHIRE,80.0,0.0,69.0,19.0,64.8,28.9,64.4,28.8,93.9,29.2,94.3,31.2,27282.0,29234.0,30361.0,29950.0,30857.0,32862.0
Scotland,NORTH LANARKSHIRE,93.0,0.0,29.0,66.0,24.2,73.5,25.4,72.2,97.8,73.9,97.8,75.4,26922.0,27494.0,28326.0,29258.0,31020.0,31107.0
Scotland,ORKNEY ISLANDS,47.0,0.0,58.0,0.0,61.3,0.2,62.0,0.4,63.7,0.6,64.7,1.1,29306.0,26529.0,30556.0,30644.0,35080.0,26998.0
Scotland,PERTH AND KINROSS,66.0,0.0,47.0,29.0,49.0,33.8,52.3,32.0,84.7,32.1,85.2,35.1,27667.0,27907.0,29854.0,31012.0,30354.0,30172.0
Scotland,RENFREWSHIRE,88.0,0.0,47.0,43.0,19.5,76.9,24.2,72.5,96.7,72.6,95.6,74.9,28930.0,30765.0,30971.0,32722.0,32580.0,34606.0
Scotland,SCOTTISH BORDERS,69.0,0.0,74.0,1.0,80.8,2.3,80.2,4.7,85.6,6.2,85.6,17.7,25733.0,27081.0,27234.0,27826.0,28138.0,28226.0
Scotland,SHETLAND ISLANDS,54.0,0.0,64.0,0.0,68.1,0.2,68.0,0.5,69.0,0.6,70.1,1.8,31992.0,31644.0,33411.0,31768.0,34125.0,33729.0
Scotland,SOUTH AYRSHIRE,82.0,0.0,48.0,39.0,37.7,55.1,41.1,52.4,93.8,56.2,93.9,57.1,28907.0,29505.0,30913.0,31648.0,33445.0,34065.0
Scotland,SOUTH LANARKSHIRE,89.0,0.0,35.0,56.0,34.1,60.4,35.1,59.9,95.3,60.9,95.7,66.6,27993.0,28743.0,29497.0,30522.0,32998.0,33630.0
Scotland,WEST DUNBARTONSHIRE,96.0,0.0,11.0,86.0,7.6,91.1,10.1,88.2,98.3,88.2,98.3,88.4,26664.0,26678.0,26974.0,27102.0,28884.0,31093.0
Scotland,WEST LOTHIAN,81.0,0.0,62.0,28.0,42.0,53.8,42.7,53.3,96.4,56.7,96.9,76.2,26124.0,28034.0,28723.0,29245.0,31044.0,30623.0
South East,ARUN,94.0,0.0,93.0,1.0,93.7,2.0,91.5,5.1,96.8,6.0,96.5,8.7,26109.0,26535.0,27914.0,25770.0,28876.0,28733.0
South East,ASHFORD,83.0,0.0,48.0,37.0,43.4,45.2,46.2,43.3,90.1,44.0,89.7,45.1,27751.0,29135.0,30198.0,31385.0,30198.0,29417.0
South East,BASINGSTOKE AND DEANE,84.0,2.0,57.0,32.0,51.4,42.2,50.6,44.5,95.4,50.8,95.6,56.8,33485.0,33749.0,33337.0,36127.0,36588.0,36817.0
South East,BRACKNELL FOREST,94.0,0.0,49.0,44.0,45.4,50.2,44.8,50.5,95.5,57.3,95.8,58.5,30968.0,33054.0,31651.0,35121.0,36700.0,37296.0
South East,BRIGHTON AND HOVE,96.0,1.0,24.0,73.0,49.8,48.9,20.0,77.5,97.6,78.5,97.3,81.2,30348.0,30250.0,30061.0,31988.0,33848.0,32816.0
South East,CANTERBURY,91.0,0.0,92.0,0.0,90.9,1.3,90.6,2.1,93.4,2.9,93.9,4.7,28517.0,32473.0,30640.0,34618.0,30372.0,30242.0
South East,CHICHESTER,83.0,1.0,84.0,2.0,73.2,15.6,71.3,19.5,91.1,19.8,90.3,22.8,30244.0,30676.0,31356.0,34273.0,29953.0,30000.0
South East,CRAWLEY,98.0,1.0,15.0,83.0,16.2,83.2,14.8,84.2,99.0,84.2,98.5,80.7,29626.0,28009.0,28066.0,29388.0,31493.0,31335.0
South East,DOVER,89.0,0.0,89.0,0.0,61.2,30.0,63.9,28.4,92.7,28.6,92.8,34.5,25126.0,25580.0,28882.0,30977.0,34496.0,30282.0
South East,EAST HAMPSHIRE,81.0,0.0,82.0,0.0,56.3,30.6,59.4,31.1,91.9,34.1,92.3,39.7,32054.0,34936.0,35552.0,35756.0,35802.0,33802.0
South East,EASTBOURNE,98.0,0.0,97.0,1.0,97.8,0.9,97.7,1.0,98.9,2.1,98.6,3.0,25224.0,26815.0,29498.0,29311.0,31417.0,28864.0
South East,EASTLEIGH,93.0,0.0,55.0,38.0,49.9,46.6,39.7,56.8,97.2,63.7,97.4,73.2,29658.0,30671.0,29959.0,30434.0,34938.0,34870.0
South East,ELMBRIDGE,96.0,1.0,28.0,69.0,19.8,78.4,23.0,75.5,98.6,75.5,98.1,70.6,37997.0,38230.0,42311.0,43110.0,41613.0,41943.0
South East,EPSOM AND EWELL,95.0,2.0,25.0,72.0,37.1,62.0,19.5,79.7,99.2,79.8,99.5,88.6,34669.0,36148.0,36071.0,37624.0,36579.0,35293.0
South East,GOSPORT,97.0,0.0,98.0,0.0,51.6,48.2,23.4,76.4,99.8,85.7,99.1,85.7,27129.0,28134.0,27769.0,28783.0,30127.0,31495.0
South East,GRAVESHAM,94.0,1.0,40.0,54.0,30.4,65.0,30.6,65.0,95.9,63.9,96.0,64.5,29668.0,28945.0,30447.0,32577.0,29748.0,31314.0
South East,GUILDFORD,93.0,1.0,33.0,61.0,37.3,58.0,31.3,64.7,96.2,64.9,96.1,64.6,34883.0,36626.0,37895.0,38365.0,40435.0,40401.0
South East,HASTINGS,94.0,0.0,95.0,0.0,97.0,0.1,96.9,0.8,98.2,0.9,98.2,3.2,23722.0,23741.0,23725.0,24672.0,25845.0,26450.0
South East,HAVANT,98.0,0.0,41.0,57.0,16.5,82.8,15.3,83.8,99.1,85.9,98.8,85.7,27340.0,29190.0,29317.0,29861.0,29854.0,29041.0
South East,HORSHAM,85.0,2.0,84.0,4.0,83.9,5.6,76.0,16.3,93.0,17.9,92.9,31.9,33430.0,32908.0,34111.0,34303.0,34266.0,35198.0
South East,ISLE OF WIGHT,92.0,0.0,93.0,0.0,93.1,1.3,93.0,0.9,94.3,0.9,93.6,30.9,25278.0,26137.0,25489.0,26168.0,28498.0,27374.0
South East,LEWES,91.0,1.0,91.0,2.0,77.9,17.5,78.1,18.1,96.8,20.7,96.3,24.7,29479.0,32102.0,28661.0,32838.0,31443.0,34195.0
South East,MAIDSTONE,87.0,0.0,48.0,41.0,44.5,46.7,42.4,49.3,91.9,49.9,91.8,56.9,29634.0,29964.0,29987.0,30746.0,32404.0,32000.0
South East,MEDWAY,95.0,0.0,20.0,76.0,18.6,78.2,20.2,77.1,97.1,73.4,97.1,77.9,29244.0,30365.0,30514.0,31382.0,33266.0,30981.0
South East,MILTON KEYNES,83.0,12.0,81.0,13.0,77.0,19.3,49.4,47.4,97.3,58.6,97.9,87.2,29118.0,31436.0,30162.0,32270.0,33256.0,33927.0
South East,NEW FOREST,84.0,0.0,76.0,9.0,72.4,17.6,71.8,20.4,93.1,23.3,93.0,24.1,29545.0,30545.0,30144.0,31145.0,33676.0,32425.0
South East,OXFORD,97.0,0.0,27.0,71.0,16.7,82.1,19.7,77.7,97.4,80.2,97.4,77.8,29753.0,32486.0,33779.0,31558.0,34053.0,34896.0
South East,PORTSMOUTH,96.0,0.0,58.0,38.0,28.8,68.5,9.5,86.8,96.3,90.7,97.2,90.1,25861.0,26655.0,27402.0,28569.0,27197.0,28827.0
South East,READING,96.0,1.0,24.0,73.0,25.7,72.0,25.9,72.5,98.4,84.9,98.6,85.5,31237.0,32234.0,33270.0,32812.0,33032.0,36500.0
South East,REIGATE AND BANSTEAD,94.0,1.0,28.0,67.0,34.1,62.8,31.2,66.3,97.7,70.3,97.4,73.4,32538.0,34095.0,37400.0,38369.0,39968.0,37684.0
South East,RUNNYMEDE,95.0,1.0,35.0,61.0,23.0,73.9,29.9,67.3,96.7,66.8,96.2,68.7,31163.0,32919.0,31712.0,38899.0,34112.0,36627.0
South East,RUSHMOOR,95.0,0.0,17.0,79.0,12.0,85.8,16.8,80.7,97.5,80.8,97.0,81.1,28797.0,29468.0,32466.0,32083.0,35237.0,35076.0
South East,SEVENOAKS,84.0,1.0,67.0,20.0,61.7,28.2,64.7,26.3,91.5,28.0,92.3,44.4,30907.0,33182.0,31788.0,37470.0,37186.0,38798.0
South East,SLOUGH,95.0,1.0,17.0,79.0,14.4,84.3,14.7,84.0,98.7,84.6,98.7,87.0,28276.0,28651.0,31338.0,31990.0,32717.0,34371.0
South East,SOUTH OXFORDSHIRE,84.0,4.0,65.0,26.0,59.3,34.1,60.0,34.9,95.6,35.7,95.9,46.2,34257.0,36910.0,37318.0,38925.0,38600.0,36732.0
South East,SOUTHAMPTON,94.0,0.0,28.0,66.0,15.4,81.6,10.2,85.0,95.1,86.4,96.8,87.3,26448.0,27430.0,26472.0,28665.0,29926.0,30615.0
South East,SPELTHORNE,72.0,24.0,16.0,81.0,11.3,87.0,15.9,81.9,97.6,82.4,96.3,78.9,34997.0,35250.0,34741.0,33591.0,34768.0,38832.0
South East,SURREY HEATH,94.0,0.0,37.0,58.0,27.0,69.3,32.3,65.0,97.8,65.6,97.9,65.9,35928.0,38979.0,39847.0,37636.0,39555.0,42219.0
South East,SWALE,89.0,0.0,65.0,27.0,65.4,28.3,60.3,32.5,93.0,31.5,93.0,39.0,27483.0,29766.0,30872.0,31281.0,31965.0,31586.0
South East,TANDRIDGE,87.0,3.0,60.0,29.0,40.8,49.7,47.7,45.6,94.0,47.5,93.5,48.3,34021.0,33602.0,35817.0,36113.0,37609.0,38435.0
South East,TEST VALLEY,76.0,3.0,30.0,52.0,35.5,54.3,34.0,58.1,93.1,61.7,93.5,64.5,32175.0,34501.0,33371.0,33677.0,35090.0,33186.0
South East,THANET,96.0,0.0,96.0,0.0,77.6,19.3,53.8,43.3,96.9,43.0,96.5,52.7,24113.0,24919.0,24303.0,26381.0,26864.0,28176.0
South East,TUNBRIDGE WELLS,86.0,0.0,87.0,0.0,44.3,44.9,45.1,45.8,91.0,46.2,91.8,42.2,30000.0,31150.0,35883.0,37345.0,43112.0,35735.0
South East,VALE OF WHITE HORSE,82.0,9.0,40.0,53.0,33.2,62.2,37.0,58.5,96.0,59.5,96.1,60.3,33401.0,35030.0,36922.0,37873.0,37748.0,35375.0
South East,WAVERLEY,86.0,2.0,78.0,10.0,78.0,12.2,80.8,12.4,93.9,14.9,93.6,16.2,40223.0,39139.0,40374.0,40083.0,41159.0,41377.0
South East,WEALDEN,83.0,0.0,85.0,4.0,86.5,4.7,87.0,6.0,93.4,6.8,94.1,17.3,30305.0,31226.0,30274.0,31221.0,34654.0,31090.0
South East,WEST BERKSHIRE,76.0,19.0,35.0,61.0,33.0,60.5,35.1,60.4,96.2,67.3,97.2,68.4,33537.0,33167.0,32520.0,36320.0,35113.0,34724.0
South East,WEST OXFORDSHIRE,86.0,9.0,60.0,29.0,52.9,39.1,46.7,48.6,96.3,51.6,98.3,61.0,31266.0,31067.0,34370.0,34851.0,33527.0,32028.0
South East,WINCHESTER,74.0,0.0,54.0,25.0,49.8,36.9,49.6,40.6,91.1,41.8,91.4,44.3,36313.0,36012.0,39593.0,37664.0,35605.0,37203.0
South East,WORTHING,99.0,0.0,16.0,83.0,14.7,85.0,22.2,77.1,99.2,86.4,99.3,92.4,28061.0,26460.0,28578.0,29668.0,29374.0,30358.0
South West,BATH AND NORTH EAST SOMERSET,84.0,0.0,68.0,18.0,52.6,37.0,46.3,43.7,89.9,50.9,93.4,59.3,29888.0,29211.0,31902.0,32255.0,31098.0,30906.0
South West,"BRISTOL, CITY OF",93.0,1.0,47.0,47.0,8.3,88.4,10.8,84.5,95.4,85.9,95.9,88.9,27378.0,27924.0,29093.0,30395.0,32339.0,32452.0
South West,CHELTENHAM,93.0,0.0,33.0,60.0,27.8,69.1,28.6,69.1,98.3,69.4,98.6,69.0,28264.0,29365.0,29861.0,33209.0,33694.0,34101.0
South West,CORNWALL,56.0,29.0,54.0,31.0,55.1,34.2,54.0,36.2,89.2,34.9,87.1,34.1,24574.0,25008.0,24781.0,25877.0,27244.0,25597.0
South West,EAST DEVON,78.0,2.0,80.0,3.0,81.4,4.2,78.5,8.0,87.2,8.8,89.0,31.8,27754.0,26849.0,27601.0,29364.0,29456.0,29274.0
South West,EXETER,83.0,9.0,17.0,75.0,16.6,80.1,14.5,80.5,95.3,82.1,95.8,86.7,27275.0,26202.0,27965.0,29748.0,30897.0,30444.0
South West,GLOUCESTER,93.0,0.0,17.0,75.0,16.8,78.5,14.9,82.8,98.0,83.5,98.7,86.5,26494.0,26042.0,27203.0,28503.0,27491.0,27668.0
South West,MENDIP,76.0,0.0,79.0,1.0,60.2,22.7,57.8,25.9,83.9,26.4,86.3,41.1,27379.0,27769.0,30517.0,29644.0,29458.0,28527.0
South West,MID DEVON,67.0,0.0,69.0,2.0,72.4,3.6,73.6,3.8,78.2,4.2,78.1,7.7,25618.0,27353.0,27961.0,27537.0,26961.0,27883.0
South West,NORTH SOMERSET,83.0,0.0,86.0,1.0,63.1,27.4,60.1,30.0,90.5,32.0,92.0,48.8,30086.0,30944.0,30246.0,31067.0,34638.0,30359.0
South West,PLYMOUTH,96.0,0.0,16.0,80.0,8.8,89.6,12.7,84.1,96.6,85.2,97.3,86.6,24970.0,26979.0,27685.0,25837.0,28165.0,25903.0
South West,SEDGEMOOR,80.0,1.0,85.0,2.0,87.2,2.5,79.4,11.3,91.1,12.4,92.9,19.8,23390.0,26166.0,26981.0,27468.0,27702.0,28048.0
South West,SOUTH GLOUCESTERSHIRE,91.0,1.0,34.0,60.0,21.9,74.6,25.7,71.6,97.9,73.1,97.9,78.4,29739.0,30238.0,30538.0,31636.0,31965.0,31714.0
South West,SOUTH HAMS,72.0,0.0,74.0,4.0,70.0,9.7,64.5,15.6,80.8,16.2,81.7,23.5,26413.0,27275.0,28182.0,28448.0,29781.0,31341.0
South West,SOUTH SOMERSET,79.0,0.0,86.0,0.0,86.6,0.7,85.9,1.4,87.6,1.6,88.2,5.9,24148.0,26186.0,27406.0,29460.0,30901.0,30108.0
South West,STROUD,75.0,2.0,75.0,5.0,77.5,8.9,75.3,12.4,89.1,14.8,90.1,18.3,26454.0,27821.0,28894.0,28308.0,31607.0,30183.0
South West,SWINDON,82.0,1.0,18.0,70.0,13.8,77.4,16.0,75.8,91.9,76.3,92.9,81.0,29248.0,28736.0,30018.0,30659.0,31912.0,30662.0
South West,TEIGNBRIDGE,80.0,0.0,58.0,26.0,57.5,29.6,60.1,27.1,87.5,28.5,88.5,36.4,24931.0,23401.0,24516.0,25304.0,25136.0,26930.0
South West,TORBAY,89.0,0.0,54.0,36.0,47.6,46.2,38.4,55.0,94.1,58.1,93.8,68.1,22412.0,23878.0,24232.0,25912.0,27029.0,26416.0
South West,TORRIDGE,72.0,0.0,77.0,3.0,78.3,3.1,77.7,3.4,81.3,3.3,80.6,3.5,23211.0,24710.0,24136.0,25101.0,26932.0,26537.0
South West,WEST DEVON,63.0,0.0,70.0,1.0,75.3,1.0,75.9,1.2,78.0,7.5,78.3,28.4,24492.0,22757.0,26619.0,26346.0,26500.0,25588.0
South West,WILTSHIRE,84.0,0.0,80.0,8.0,55.6,36.5,57.0,35.7,93.3,37.5,94.4,43.9,26857.0,29132.0,29286.0,29894.0,31172.0,30399.0
Wales,BLAENAU GWENT,96.0,1.0,96.0,1.0,96.0,1.2,95.6,1.3,97.2,1.7,96.5,3.6,22953.0,25998.0,24967.0,23549.0,26204.0,27747.0
Wales,BRIDGEND,92.0,0.0,92.0,1.0,88.0,6.8,78.6,16.4,96.1,19.9,97.0,34.5,26094.0,27353.0,28715.0,28190.0,28838.0,29667.0
Wales,CAERPHILLY,93.0,0.0,94.0,0.0,93.0,3.4,85.7,11.1,97.2,11.9,97.9,24.4,24449.0,24967.0,26056.0,27341.0,28309.0,29289.0
Wales,CARDIFF,94.0,2.0,54.0,43.0,19.8,78.4,18.2,78.7,97.0,79.8,97.5,83.2,27521.0,27910.0,29404.0,30468.0,28785.0,29288.0
Wales,CARMARTHENSHIRE,75.0,0.0,77.0,3.0,79.4,6.3,73.7,12.4,86.1,15.6,86.3,22.0,24551.0,26641.0,26098.0,27133.0,29356.0,29769.0
Wales,CEREDIGION,58.0,0.0,59.0,7.0,60.1,19.7,60.8,20.0,79.0,17.8,80.6,20.7,23074.0,23120.0,24772.0,25455.0,26223.0,27902.0
Wales,DENBIGHSHIRE,79.0,0.0,80.0,1.0,84.6,5.8,84.7,5.6,90.0,5.4,89.8,9.1,23693.0,25157.0,25612.0,24604.0,26188.0,26974.0
Wales,FLINTSHIRE,83.0,2.0,83.0,5.0,83.6,8.3,79.1,13.7,93.2,14.9,94.1,28.4,28602.0,26988.0,26896.0,27179.0,28399.0,30054.0
Wales,ISLE OF ANGLESEY,71.0,3.0,71.0,9.0,73.5,15.4,73.1,15.7,88.5,15.1,88.3,16.2,24075.0,25415.0,25396.0,27101.0,27319.0,28760.0
Wales,MERTHYR TYDFIL,29.0,2.0,93.0,2.0,93.7,2.2,94.3,2.4,96.5,2.4,97.7,20.7,22626.0,24183.0,23702.0,25444.0,25916.0,27074.0
Wales,MONMOUTHSHIRE,77.0,2.0,78.0,4.0,76.8,7.8,72.3,12.8,85.9,14.4,86.2,16.4,31846.0,31433.0,33116.0,34875.0,34414.0,34012.0
Wales,NEATH PORT TALBOT,93.0,0.0,94.0,1.0,35.1,61.7,38.9,57.9,97.0,57.8,96.9,58.9,24227.0,25055.0,25665.0,28011.0,27544.0,30620.0
Wales,NEWPORT,84.0,0.0,95.0,1.0,28.2,69.1,30.4,66.7,97.1,67.2,97.0,69.7,25394.0,26230.0,27561.0,28793.0,29535.0,29017.0
Wales,PEMBROKESHIRE,76.0,0.0,79.0,3.0,81.4,4.9,81.7,5.2,87.0,5.2,87.6,6.4,23184.0,24210.0,24992.0,24134.0,27934.0,29558.0
Wales,POWYS,60.0,0.0,59.0,11.0,61.4,16.3,61.3,17.0,76.8,15.4,77.4,16.2,25137.0,25004.0,26115.0,26946.0,28336.0,27414.0
Wales,SWANSEA,94.0,1.0,67.0,29.0,23.0,74.7,33.6,63.7,97.3,72.2,97.4,77.2,25394.0,26211.0,28273.0,28121.0,27905.0,28827.0
Wales,TORFAEN,93.0,0.0,93.0,2.0,65.9,30.1,60.2,35.3,95.1,36.0,96.1,40.7,25220.0,27751.0,27480.0,27811.0,29124.0,26454.0
Wales,VALE OF GLAMORGAN,90.0,0.0,90.0,2.0,44.7,50.8,43.9,51.6,95.6,52.0,96.3,58.7,32184.0,31674.0,30063.0,31874.0,30016.0,29564.0
Wales,WREXHAM,86.0,1.0,87.0,2.0,78.4,15.9,66.4,27.1,93.7,30.9,94.1,39.1,25845.0,25296.0,27225.0,28953.0,29282.0,27793.0
West Midlands,BIRMINGHAM,93.0,1.0,29.0,65.0,17.6,79.3,14.3,80.8,95.2,83.4,95.6,89.2,25994.0,26738.0,27853.0,27501.0,29341.0,28998.0
West Midlands,BROMSGROVE,90.0,1.0,78.0,16.0,76.4,17.5,66.3,27.7,94.7,28.4,96.4,64.4,30984.0,33752.0,34328.0,34491.0,34047.0,34490.0
West Midlands,CANNOCK CHASE,95.0,0.0,76.0,20.0,74.8,21.7,74.7,22.3,97.2,22.4,97.7,25.8,26140.0,27851.0,26947.0,27986.0,27352.0,29308.0
West Midlands,COVENTRY,91.0,0.0,34.0,57.0,17.8,77.7,17.9,77.7,95.9,80.4,97.8,91.2,27969.0,28412.0,28746.0,28747.0,29589.0,30763.0
West Midlands,DUDLEY,96.0,0.0,10.0,88.0,11.4,88.0,18.2,80.9,99.2,89.4,99.0,89.7,26845.0,27258.0,27275.0,29218.0,31091.0,29438.0
West Midlands,EAST STAFFORDSHIRE,86.0,0.0,89.0,0.0,89.7,1.9,69.9,24.0,94.4,28.0,94.4,34.9,26765.0,26103.0,26360.0,26662.0,29485.0,28232.0
West Midlands,"HEREFORDSHIRE, COUNTY OF",67.0,1.0,72.0,10.0,72.4,10.7,70.3,15.0,85.5,16.2,87.4,22.8,25004.0,23328.0,25153.0,26235.0,28463.0,29258.0
West Midlands,LICHFIELD,91.0,0.0,37.0,56.0,29.7,65.2,32.1,63.4,95.8,64.2,95.7,64.7,31725.0,30369.0,31700.0,34038.0,36396.0,35714.0
West Midlands,NEWCASTLE-UNDER-LYME,93.0,0.0,43.0,52.0,42.1,54.2,37.5,59.0,96.4,64.7,95.8,65.4,25862.0,24907.0,26274.0,26619.0,29040.0,29615.0
West Midlands,NORTH WARWICKSHIRE,84.0,0.0,74.0,14.0,70.5,21.1,72.2,22.3,95.2,23.4,96.0,30.9,29010.0,29884.0,29749.0,32968.0,31388.0,31332.0
West Midlands,NUNEATON AND BEDWORTH,97.0,0.0,51.0,46.0,66.1,32.7,26.1,72.8,99.0,75.8,98.7,79.4,25031.0,27541.0,26927.0,27771.0,28734.0,28928.0
West Midlands,RUGBY,90.0,0.0,58.0,34.0,63.3,30.1,42.5,52.3,96.0,58.6,96.9,64.6,28813.0,30708.0,32537.0,32029.0,32429.0,33364.0
West Midlands,SANDWELL,92.0,0.0,43.0,55.0,35.7,63.8,28.5,70.8,99.3,74.3,99.1,81.2,23201.0,23832.0,24668.0,24878.0,25938.0,26630.0
West Midlands,SHROPSHIRE,72.0,2.0,72.0,7.0,75.5,8.2,74.0,11.7,86.9,12.4,86.1,16.3,27264.0,27193.0,27633.0,29584.0,30105.0,29558.0
West Midlands,SOLIHULL,94.0,0.0,69.0,25.0,20.3,77.0,22.2,74.9,97.0,80.0,97.2,86.8,32000.0,31906.0,33763.0,34150.0,34671.0,35516.0
West Midlands,SOUTH STAFFORDSHIRE,83.0,0.0,86.0,1.0,72.7,17.3,62.5,29.7,92.7,30.4,92.1,31.5,28811.0,30322.0,30942.0,32611.0,36519.0,33075.0
West Midlands,STAFFORD,89.0,0.0,34.0,55.0,28.3,64.7,32.3,60.2,92.9,60.4,93.9,64.1,28793.0,28581.0,29323.0,30800.0,31066.0,31356.0
West Midlands,STOKE-ON-TRENT,98.0,0.0,27.0,71.0,25.3,73.3,25.4,72.1,97.6,75.4,97.7,80.2,22786.0,23739.0,24865.0,25391.0,26995.0,26766.0
West Midlands,STRATFORD-ON-AVON,74.0,0.0,71.0,12.0,62.1,25.3,63.8,28.6,92.7,30.6,93.4,37.0,31137.0,31649.0,31996.0,32773.0,33371.0,33923.0
West Midlands,TAMWORTH,99.0,0.0,23.0,76.0,12.8,86.9,19.1,79.8,98.9,81.4,99.0,82.1,25616.0,25100.0,27503.0,27436.0,25604.0,27879.0
West Midlands,TELFORD AND WREKIN,87.0,0.0,24.0,69.0,31.2,66.5,24.8,72.8,97.7,75.9,97.4,76.9,25472.0,24246.0,25923.0,27671.0,27902.0,28450.0
West Midlands,WALSALL,93.0,0.0,81.0,15.0,21.0,77.4,35.5,63.1,98.4,71.8,98.1,75.6,24268.0,24081.0,24846.0,26334.0,27755.0,28515.0
West Midlands,WARWICK,93.0,0.0,45.0,49.0,34.4,61.6,25.5,71.2,97.2,71.7,97.7,74.2,31416.0,32926.0,33449.0,33762.0,35675.0,36862.0
West Midlands,WOLVERHAMPTON,97.0,0.0,13.0,85.0,18.9,80.2,14.9,83.2,98.1,87.3,98.1,83.1,23085.0,24047.0,24964.0,25463.0,25609.0,27503.0
West Midlands,WORCESTER,97.0,0.0,97.0,0.0,96.3,1.5,91.6,6.6,98.6,10.1,98.6,10.3,26522.0,28578.0,28441.0,29011.0,27598.0,29984.0
West Midlands,WYCHAVON,81.0,1.0,85.0,1.0,85.7,4.4,82.9,8.6,92.3,9.8,93.8,16.3,28019.0,28968.0,29998.0,30723.0,28601.0,28189.0
West Midlands,WYRE FOREST,92.0,0.0,47.0,46.0,44.1,51.0,49.3,46.7,96.7,45.9,96.6,47.7,25259.0,25060.0,26024.0,27233.0,30212.0,29010.0
Yorkshire,BARNSLEY,82.0,0.0,56.0,32.0,50.0,45.8,42.6,54.8,98.0,61.6,97.9,65.7,24313.0,25107.0,25370.0,26466.0,27181.0,27723.0
Yorkshire,BRADFORD,93.0,1.0,23.0,72.0,20.6,76.4,31.5,64.8,96.4,75.8,96.3,78.8,24189.0,24896.0,25137.0,26029.0,27974.0,28421.0
Yorkshire,CALDERDALE,85.0,0.0,70.0,19.0,47.6,44.6,52.3,41.5,94.9,43.1,94.8,49.3,27751.0,27089.0,28101.0,28514.0,28030.0,27899.0
Yorkshire,DONCASTER,81.0,0.0,52.0,35.0,49.8,45.5,54.5,41.8,96.8,45.5,97.5,61.0,24616.0,24897.0,26980.0,27388.0,29008.0,28761.0
Yorkshire,EAST RIDING OF YORKSHIRE,50.0,17.0,51.0,34.0,52.5,37.3,52.9,41.0,94.0,42.2,95.5,56.4,26989.0,27500.0,28753.0,30446.0,31667.0,30361.0
Yorkshire,HAMBLETON,81.0,1.0,81.0,2.0,82.8,2.6,82.9,4.0,87.6,4.7,89.0,6.9,27784.0,26578.0,28404.0,28205.0,30579.0,28409.0
Yorkshire,HARROGATE,85.0,1.0,41.0,47.0,36.5,53.5,38.4,52.0,90.9,52.6,91.8,54.5,29109.0,30000.0,31123.0,33259.0,32670.0,32778.0
Yorkshire,"KINGSTON UPON HULL, CITY OF",1.0,31.0,1.0,45.0,1.3,78.9,1.1,97.0,98.2,97.0,98.5,97.5,23580.0,23127.0,23689.0,25461.0,24820.0,26048.0
Yorkshire,KIRKLEES,85.0,0.0,40.0,51.0,34.7,60.8,33.4,63.2,97.0,63.4,97.0,72.5,25599.0,26318.0,27176.0,27458.0,28851.0,27968.0
Yorkshire,LEEDS,92.0,1.0,73.0,21.0,31.8,64.4,19.1,77.0,96.3,80.2,96.5,82.8,27815.0,27818.0,28042.0,28908.0,30249.0,30889.0
Yorkshire,NORTH EAST LINCOLNSHIRE,97.0,0.0,9.0,88.0,5.4,92.8,9.2,87.8,97.0,87.8,96.8,88.5,26400.0,23432.0,25582.0,27457.0,28583.0,28110.0
Yorkshire,NORTH LINCOLNSHIRE,86.0,0.0,51.0,39.0,49.1,43.9,53.6,39.7,93.7,40.8,93.6,46.2,28091.0,27246.0,28464.0,28468.0,29204.0,29530.0
Yorkshire,RICHMONDSHIRE,75.0,0.0,76.0,2.0,79.2,3.1,72.3,9.4,83.6,11.4,84.2,12.8,29372.0,25188.0,27392.0,31087.0,25027.0,26798.0
Yorkshire,ROTHERHAM,81.0,0.0,51.0,37.0,43.5,53.9,39.7,58.2,98.2,58.5,98.1,60.0,24839.0,25803.0,25959.0,26317.0,28404.0,27583.0
Yorkshire,RYEDALE,72.0,3.0,75.0,5.0,76.7,4.4,75.6,5.8,82.6,6.9,83.3,7.6,23173.0,22951.0,24650.0,26298.0,26326.0,26069.0
Yorkshire,SELBY,77.0,6.0,79.0,7.0,79.9,7.4,78.9,9.4,89.3,11.5,92.4,19.6,28898.0,29588.0,31303.0,32195.0,34106.0,33062.0
Yorkshire,SHEFFIELD,86.0,1.0,51.0,38.0,56.3,37.2,49.6,43.9,95.0,44.9,96.0,47.8,26069.0,26897.0,27665.0,28438.0,28360.0,30625.0
Yorkshire,WAKEFIELD,93.0,0.0,62.0,31.0,62.0,32.5,51.5,43.2,95.3,46.7,95.9,55.3,24287.0,24933.0,26033.0,26632.0,26106.0,28166.0
Yorkshire,YORK,81.0,8.0,42.0,50.0,22.2,72.7,23.0,70.8,93.8,71.8,94.1,73.4,26096.0,25956.0,26688.0,28555.0,30054.0,30878.0
