laua,laua_name,SFBB availability (% premises),UFBB availability (% premises),FTTP availability (% premises),% of premises unable to receive 2Mbit/s,% of premises unable to receive 5Mbit/s,% of premises unable to receive 10Mbit/s,% of premises unable to receive 30Mbit/s,Median download speed (Mbit/s),Average download speed (Mbit/s),Minimum download speed (Mbit/s),Maximum download speed (Mbit/s),Average download speed (Mbit/s) for lines  < 10Mbit/s,Average download speed (Mbit/s) for Basic BB lines,Average download speed (Mbit/s) for SFBB lines,Average download speed (Mbit/s) for UFBB lines,Median upload speed (Mbit/s),Average upload speed (Mbit/s),Minimum upload speed (Mbit/s),Maximum upload speed (Mbit/s),Average upload speed (Mbit/s) for lines <10Mbit/s,Average upload speed (Mbit/s) for Basic BB lines,Average upload speed (Mbit/s) for SFBB lines,Average upload speed (Mbit/s) for UFBB lines,Number of connections < 2 Mbit/s  (number of lines),Number of connections 2<5 Mbit/s  (number of lines),Number of connections 5<10 Mbit/s  (number of lines),Number of connections 10<30 Mbit/s  (number of lines),Number of connections >= 30 Mbit/s  (number of lines),Number of connections >= 300 Mbit/s  (number of lines),Average data usage (GB),Average data usage (GB) for lines <10Mbit/s,Average data usage (GB) for Basic BB lines,Average data usage (GB) for SFBB lines,Average data usage (GB) for UFBB lines
S12000033,Aberdeen City,90,0,0,0,1,2,9,17.5,26.4,0.1,1000,6,12.2,50.8,1000,1.2,5.5,0,1000,0.9,1.3,11.8,1000,1733,7006,15993,35257,32941,45,191.8,115.8,157.1,254.4,0
S12000034,Aberdeenshire,72,0,0,4,9,14,26,16.6,23.2,0.2,80,5.6,11.6,50.1,0,1.2,4.3,0,20,0.7,1.2,11.3,0,4543,10023,21211,34149,30087,0,161.3,91.2,126.4,241.6,0
E07000223,Adur,29,70,0,0,0,0,1,50,63.8,0.2,350,6.5,13.9,95.2,301.4,5,5.9,0,20,0.9,1.3,8.8,19.9,148,672,2232,6381,14536,72,178.7,107.4,154.8,192.8,450
E07000026,Allerdale,86,1,1,2,6,8,13,18.9,25.8,0.1,80,4.8,12,50.7,0,1.2,4.8,0.1,20,0.7,1.1,11.3,0,1986,3791,4831,13395,13219,0,161.8,74,122.9,231.6,0
E07000032,Amber Valley,87,1,0,1,2,3,12,18.7,25.9,0.2,300,5.6,12,49.9,300,1.2,4.9,0,20,0.8,1.3,11,19.2,1057,4319,7781,15380,16401,6,183.5,97.5,141.6,255.8,165.3
S12000041,Angus,68,13,0,2,4,9,18,18.2,29.6,0.1,300,5.7,12.5,64.7,300,1.2,4.3,0,20,0.7,1.2,10.5,20,1446,3633,8254,17441,14795,20,175,95.4,146.1,234.4,406.7
N09000001,Antrim and Newtownabbey,51,38,0,2,4,5,10,34.9,43.3,0.1,350,5,11.2,72.8,303.8,4,5.8,0.1,20,0.8,1.2,10.1,19.6,1843,4274,6121,11832,25825,40,196.1,118.2,160.7,228.8,302.5
N09000011,Ards and North Down,84,6,2,1,2,4,9,31,33.4,0.1,300,5.3,11.5,55,300,5.3,6.4,0,20,0.8,1.3,11.4,20,1694,5228,7690,14572,29530,7,186.6,103.4,142.8,229.5,641.4
S12000035,Argyll and Bute,69,0,0,4,7,16,29,11.5,20.2,0.2,80,6,10.6,51.9,0,1.1,3.5,0,20,0.6,1,11.3,0,1816,4205,12644,11212,9018,0,127.4,70.7,99.5,218.6,0
N09000002,"Armagh City, Banbridge and Craigavon",82,1,1,3,5,7,17,20.8,28,0.1,80,4.9,11.2,51,0,1.3,5.6,0.1,20,0.8,1.3,11.4,0,3658,6712,9472,19054,28392,0,192.3,108.8,152.4,246.7,0
E07000224,Arun,93,1,1,0,0,1,5,18.9,26.3,0.1,100,5.8,12,49.1,0,1.2,5.2,0.1,20,0.9,1.4,11.2,0,1085,5179,10461,19528,22700,0,181.5,103.7,138.5,249.5,0
E07000170,Ashfield,98,0,0,0,1,1,2,50,63.7,0.2,300,5.5,11.7,94.8,300,5,5.4,0,20,0.8,1.2,7.9,20,713,2626,4569,8615,27101,79,204.2,121.7,172.5,223.4,262
E07000105,Ashford,48,37,1,1,4,7,16,27.4,41,0.1,350,5,10,72.6,300.7,3.2,5.7,0.1,20,0.7,1.2,10.1,19.9,2188,5247,6960,8828,22351,71,192.5,98.1,128.2,258,321.5
E07000004,Aylesbury Vale,80,6,6,1,3,7,13,23.9,47.8,0.2,1000,5.3,11.2,69.5,959,2.5,15.5,0,1000,0.8,1.2,10.6,942.6,2239,6515,10410,16967,32282,700,170.5,101.6,133.4,232.6,1.9
E07000200,Babergh,77,7,3,2,4,7,16,19.1,26.8,0.2,300,5.1,11.5,52.2,300,1.2,4.9,0.1,20,0.7,1.3,10.8,20,1752,3465,5530,10226,12568,4,149.6,74.9,110.2,214.5,177.5
E09000002,Barking and Dagenham,16,81,4,0,1,1,2,40,54.3,0.1,350,5.5,10.2,86.2,303.6,5,5.5,0,20,0.8,1.1,8.6,19.6,1157,5236,9084,11372,36225,125,253.6,183.1,220.8,277.3,413.8
E09000003,Barnet,62,34,4,0,0,1,5,24.9,38.6,0.1,350,6.1,12,66.3,305.2,3,6.2,0,20,0.9,1.3,11.4,19.5,1391,7724,20310,35995,61776,126,228.1,142.9,179.5,278.8,375.7
E08000016,Barnsley,56,32,0,1,2,5,13,20.3,37.1,0.1,350,5.1,10.8,70.8,301.9,1.3,4.7,0.1,20,0.8,1.2,9.1,19.9,2821,9834,12826,22209,36767,80,191.3,117.3,154.5,238.5,304.8
E07000027,Barrow-in-Furness,98,0,0,0,0,1,2,21.9,29.8,0.1,80,5.3,12.7,50.6,0,1.3,5.9,0,20,0.8,1.2,11.5,0,570,2082,2881,8378,11520,0,205.1,101.4,154.4,265.8,0
E07000066,Basildon,35,57,1,0,1,3,8,34.2,50.9,0.1,350,5.9,11.9,86.8,301.3,4.3,5.6,0,20,0.9,1.3,9.5,19.9,1081,4624,9794,17772,35491,114,217,124.2,183.4,247.7,391.2
E07000084,Basingstoke and Deane,57,32,2,1,3,5,11,34.7,42.1,0.2,350,4.9,10.5,70.1,301.4,5,6.1,0,20,0.7,1.3,10.5,19.6,2535,7139,8053,13384,34228,105,197.7,105.2,131.6,256.2,411.2
E07000171,Bassetlaw,88,0,0,1,2,4,11,20.4,28.3,0.1,300,4.8,10.8,52.3,300,1.4,5.3,0.1,20,0.8,1.4,10.6,20,2264,4963,5703,11164,17506,1,172.8,81.9,125.6,236.7,499.5
E06000022,Bath and North East Somerset,68,18,2,0,2,4,14,21.6,37.4,0.1,350,5.4,12.1,69.4,303.7,1.3,5.1,0,20,0.8,1.2,10,19.9,1791,5832,9230,20915,29679,41,170.1,90.5,131.2,218.7,377
E06000055,Bedford,57,34,1,1,2,3,8,40,53.4,0.1,350,4.8,11.2,84.9,303.4,5,5.7,0,20,0.8,1.2,9,19.4,2351,5287,6407,12811,35310,89,161.7,100.8,140.5,181.3,95.5
N09000003,Belfast,12,85,0,0,0,1,3,50,61.7,0.1,350,5.8,12.2,88.5,306.2,5,5.9,0,20,0.9,1.1,8.5,18.6,1679,5846,12398,25874,82277,273,195.3,128.5,171.2,208,398
E09000004,Bexley,27,67,1,0,0,3,6,25,47.4,0.1,350,5.5,10.8,85,302.2,3,5.4,0,20,0.8,1.2,9.8,19.7,1764,8212,13279,20249,41508,159,208.1,138.4,177.8,239.1,350.2
E08000025,Birmingham,29,65,2,0,0,2,5,40,55.7,0.1,350,6,11.6,90,303.4,3,4.9,0,36,0.8,1.1,7.8,19.7,4537,20376,47301,81289,193047,638,214.1,157.3,189.6,235.1,356.4
E07000129,Blaby,28,68,0,0,1,1,4,39.8,49.5,0.2,350,5.2,11.2,80.5,301.4,5,6,0.1,20,0.8,1.3,9.7,20,794,3461,4630,7753,20354,35,176.8,96.2,129.1,214.9,389.4
E06000008,Blackburn with Darwen,38,59,0,0,1,1,3,35,44.9,0.1,350,5.8,10.4,76.8,300.8,3,5.2,0,20,0.8,1.1,9,20,859,3952,8317,10238,24758,62,211.5,138.9,172,247.7,472.9
E06000009,Blackpool,74,24,0,0,0,0,2,24.4,49.1,0.1,350,6.2,13.5,85.1,301.5,2,5.2,0.1,20,0.9,1.2,9.3,19.7,536,2184,6304,17423,25726,65,212.2,114.2,178.7,245.9,377.8
W06000019,Blaenau Gwent,96,1,1,0,0,1,3,20,25.7,0.1,80,5.7,13.2,48.2,0,1.2,4.7,0.1,20,0.8,1.2,10.9,0,461,1863,3603,9243,8442,0,230.1,127.7,184.8,310.7,0
E07000033,Bolsover,91,0,0,0,1,2,9,20.5,35.2,0.2,300,5.5,12.8,67.4,300,1.3,4.8,0.1,20,0.9,1.3,9.9,20,566,2093,3521,10058,11241,10,200.8,107.4,164.6,252.7,136.5
E08000001,Bolton,29,69,0,0,0,0,2,40,54.7,0.1,350,5.7,11.4,86.8,304.8,3.5,5.4,0,50,0.8,1.1,8.5,19.9,1436,7059,12665,21964,56750,215,194.3,128,165.2,215.7,324.5
E07000136,Boston,86,0,0,2,4,5,14,15.2,22.9,0.2,80,5.3,10.5,48.2,0,1.2,4.6,0.1,20,0.8,1.3,11.2,0,947,2619,4272,6049,6768,0,200.3,112.3,153.3,295.3,0
E06000028,Bournemouth,15,84,57,0,0,0,0,40,61.7,0.1,1000,6.1,13.1,85.3,822.4,5,12.2,0.1,1000,0.8,1.2,9.1,749.6,629,3132,7843,18157,42403,603,184.3,104.3,156.4,207.2,271.1
E06000036,Bracknell Forest,49,44,0,0,1,1,7,40,52.6,0.2,1000,4.8,9.9,80.3,347.3,6,6.6,0.1,1000,0.8,1.4,9.8,84.3,1245,4717,4728,6901,26170,91,212.1,120.5,155.2,249.5,333.2
E08000032,Bradford,23,72,1,0,1,1,6,30,48,0.2,350,5.8,12.2,83,305.3,3,4.8,0,20,0.9,1.2,8.3,19.5,2675,10691,23582,47322,84375,228,207.4,137.9,183.1,231.2,355.9
E07000067,Braintree,76,0,0,1,4,7,24,18.3,25.4,0.1,80,5.3,12.3,50.8,0,1.2,4.8,0,20,0.8,1.2,11.7,0,1955,5238,8165,20962,18696,0,198.2,105.5,163.2,265.3,0
E07000143,Breckland,80,0,0,2,5,8,19,18,24.8,0.1,80,5.3,11.7,49.4,0,1.2,4.8,0.1,20,0.8,1.3,11.1,0,2141,5129,8473,16835,17243,0,169.5,82.8,125.3,251.7,0
E09000005,Brent,53,42,6,0,0,1,5,30,43.9,0.1,350,6,12,75.2,307.3,3,5.6,0,20,0.9,1.2,10,18.9,1457,5860,13982,28404,49680,124,253,167.3,219.7,285.8,357.9
E07000068,Brentwood,85,0,0,1,2,6,15,19.7,27.3,0.1,80,5.2,11.1,50.4,0,1.3,5.7,0,20,0.8,1.4,11.7,0,1095,3023,4732,8313,12062,0,181.6,99.9,141,238.6,0
W06000013,Bridgend,92,1,1,0,1,2,7,19.9,26.4,0.1,80,5.3,11.3,48.6,0,1.2,5.3,0,20,0.8,1.3,11.1,0,1551,5714,8339,14582,20611,0,217,123.6,164.5,294.4,0
E06000043,Brighton and Hove,24,73,1,0,0,1,3,50,63.4,0.1,350,6,12.2,91.1,303,5,6.3,0.1,20,0.9,1.2,9,19.7,1202,4505,10922,23276,70957,371,196.3,120.3,157.1,217.2,352.9
E06000023,"Bristol, City of",47,47,2,0,0,1,7,50,64,0.2,1000,6.4,13,95.1,407.5,5,5.6,0,1000,0.9,1.1,7.8,163,1281,5300,17259,41018,102934,355,187.3,138,173.3,195.6,331.3
E07000144,Broadland,62,24,0,1,3,6,14,22.2,37.1,0.2,350,4.9,10.8,68.6,301.9,2,5.3,0,20,0.8,1.4,10,19.8,2002,5691,6452,12072,21671,27,152,79.3,107.9,204.8,250.5
E09000006,Bromley,47,50,0,0,1,1,4,40,56.3,0.2,350,6.1,12.5,89.3,301.5,5,5.7,0,20,0.9,1.3,9,19.9,1368,5850,14708,31038,69007,195,179.1,119.7,155.9,196.7,234.6
E07000234,Bromsgrove,78,16,2,0,1,1,6,26.1,35.6,0.1,300,5.2,10.5,62.2,300,3,5.9,0.1,20,0.9,1.5,10.5,20,1186,3708,5499,7918,17050,20,168.3,94.8,123,216.2,307.3
E07000095,Broxbourne,18,80,0,0,0,0,2,43.9,62.2,0,350,4.9,10.1,90,302.1,6,6.6,0,20,0.8,1.3,9.4,19.8,838,3099,3481,5015,22575,94,194.8,119,157.2,215,268.5
E07000172,Broxtowe,16,83,0,0,0,0,1,50,65.3,0.2,350,5.5,10.9,94.3,303.2,5,5.8,0,20,0.8,1.2,8.2,19.5,653,2722,4645,6773,26957,108,163.6,102.1,133,179.5,327.6
E07000117,Burnley,98,0,0,0,0,1,2,40,54,0.1,300,5.5,10.7,84.9,300,4.2,5.4,0.1,20,0.8,1.1,8.5,20,623,2345,4243,6072,18482,13,187.4,114.5,157,209.3,187.8
E08000002,Bury,61,36,0,0,0,0,3,25,39.2,0.2,350,6,11.6,68.5,302.6,3,5.6,0,20,0.8,1.3,10.1,19.8,990,4857,11574,18319,33107,58,201.7,120.5,164,241.7,357.9
W06000018,Caerphilly,94,0,0,0,0,1,5,20,26.2,0.1,80,5.3,11.1,48.1,0,1.2,5.3,0,20,0.8,1.3,11.1,0,2019,7199,10408,17200,25610,0,235.8,125.4,168.4,331.9,0
E08000033,Calderdale,70,19,0,0,1,3,11,19.9,36.3,0.1,350,5.5,11.5,71.1,305.8,1.3,4.8,0.1,20,0.9,1.3,9.7,19.5,1856,7270,12539,22098,30785,52,193.8,112.1,170.6,226.4,308.9
E07000008,Cambridge,62,36,3,0,0,1,2,50,62.2,0.1,350,5.8,11.3,85.8,309.1,5,6,0,50,0.8,1.2,8.2,28.1,568,2238,4543,7330,30249,144,178.3,100.9,132.8,198.7,437.3
E09000007,Camden,94,3,3,0,0,0,3,39.3,52.3,0.1,350,6.8,14.5,87,301,3,5.3,0,20,0.9,1.1,9,19.8,484,1804,8067,33267,46626,147,181.9,109.1,160.8,200.9,214.6
E07000192,Cannock Chase,76,20,0,0,0,0,4,20.3,34.6,0.2,350,6.2,11.3,62.4,301.6,1.3,5.5,0.1,20,0.9,1.3,10.6,20,487,2431,6715,9855,16030,32,206.4,128.2,167,253.8,271.6
E07000106,Canterbury,92,0,0,1,1,2,8,18.5,25.7,0.1,80,5.4,11.5,49.2,0,1.2,5.1,0.1,20,0.8,1.4,11.2,0,1540,5952,9119,17051,20258,0,200.9,114,154.9,276.8,0
W06000015,Cardiff,54,43,3,0,0,1,3,43.5,57.5,0.1,350,5.3,10.2,85.4,305.9,5,6,0.1,20,0.8,1.2,8.8,19.1,2608,9894,14732,20243,78847,212,206.1,132.3,167.3,228.8,353.3
E07000028,Carlisle,63,27,1,1,3,4,9,20.1,32,0.1,1000,4.9,9,60.1,522.7,1.3,5.8,0,1000,0.8,1.1,11,331.8,2062,6113,6973,7311,18044,22,191.6,97.1,118.8,280.7,348.4
W06000010,Carmarthenshire,77,3,3,3,7,10,20,15.2,22.5,0.1,80,4.8,10.4,49.4,0,1.1,4.3,0.1,20,0.7,1.1,11,0,4438,9119,11370,20297,20246,0,167.7,81.3,122.3,268.4,0
E07000069,Castle Point,58,39,0,0,0,1,3,26.2,42.3,0.1,300,6.2,12,74.3,300,3.2,5.7,0,20,0.9,1.4,10.2,20,423,1939,5459,8926,15697,24,191.7,110.8,150.7,234.7,400.9
N09000004,Causeway Coast and Glens,81,0,0,4,7,10,19,23.2,30,0.1,200,5.2,11.5,51.6,0,2,6,0.1,20,0.7,1.2,11.4,0,2295,3534,6711,12859,21712,0,179.4,90.7,134.4,231.6,0
E06000056,Central Bedfordshire,90,2,2,0,2,3,8,32.7,48.5,0.1,1000,5.3,12.6,82.2,310.3,3,5.5,0,1000,0.8,1.3,9.4,33.4,2467,7428,11215,29422,53274,73,165.2,97.1,145.6,183.5,224
W06000008,Ceredigion,59,7,7,6,12,19,30,11.5,20.7,0.2,80,4.8,9.4,52.1,0,1.1,3.9,0,20,0.6,1,11.4,0,2479,4172,5817,6632,6859,0,123.1,62.4,87.8,221.2,0
E07000130,Charnwood,43,53,0,0,0,1,3,40,51.9,0.1,350,5.5,12.5,81.8,302,5,5.7,0.1,20,0.8,1.3,9,19.7,1109,4089,6772,15344,35251,101,178.8,98.8,139.4,208.8,293.4
E07000070,Chelmsford,49,37,0,0,2,4,14,24.4,40.7,0.1,350,5.5,11,72.4,304.8,3,5.6,0,20,0.8,1.3,10.2,19.5,1795,6245,10395,16045,31645,94,215.1,110.9,143.2,327.9,107.1
E07000078,Cheltenham,33,60,0,0,1,3,7,40,56.1,0.2,350,4.9,10,84.4,304.1,5,6.2,0.1,50,0.8,1.2,9.2,20.5,1348,4438,4876,7466,28660,112,164.9,91.8,113.2,196.6,279.8
E07000177,Cherwell,64,28,5,0,1,2,7,30.8,42.2,0.1,1000,5.5,11.4,62.2,919.9,5,11.9,0.1,1000,0.8,1.3,11,887.5,1244,4636,7749,13189,27089,331,184.9,98.3,140,230.8,35.4
E06000049,Cheshire East,87,3,2,1,2,4,10,23.5,36.5,0.1,350,5.5,11.4,64.8,301.2,2.7,5.6,0,65.5,0.8,1.3,10.4,20,4025,12125,22300,38283,67557,42,174.8,95.7,136.7,217.6,321.2
E06000050,Cheshire West and Chester,75,16,3,0,1,3,9,21.4,32.8,0.1,350,5.4,11.8,59.9,301,1.3,5.4,0,65.5,0.8,1.3,10.5,19.9,3507,12043,19873,37659,56131,52,180,99.5,139.5,231.8,292.9
E07000034,Chesterfield,94,0,0,0,0,1,6,21.6,33,0.1,300,5.5,10.8,60.7,300,1.7,5.4,0.1,50,0.8,1.3,10.4,20,878,4146,6839,9233,16910,10,184.2,103.6,139.1,239.3,922.3
E07000225,Chichester,84,2,1,1,3,5,14,19.7,26.6,0.1,200,5.2,12,50.3,0,1.2,5.2,0.1,20,0.8,1.4,11.2,0,2011,4493,7011,15839,18156,0,149.6,80.7,116.1,203.2,0
E07000005,Chiltern,90,0,0,0,1,2,9,31,43.4,0.2,300,5.9,12.5,73.5,300,5,6,0,20,0.9,1.5,10.3,20,628,2228,5035,9659,17953,20,167.7,87.8,127.2,206.7,259.7
E07000118,Chorley,49,45,3,0,1,2,6,35,44.3,0.2,300,5.1,12.2,72.9,300,4.4,5.6,0,20,0.8,1.3,9.5,20,1154,3181,4383,10714,21603,38,171.6,92.8,129.3,209.1,328.1
E07000048,Christchurch,44,51,0,0,1,1,4,30,43.5,0.2,300,5.5,11,75.7,300,3,5.5,0.1,20,0.8,1.3,9.6,20,451,1751,2919,4572,9634,17,137.8,87.6,113.8,171.7,0
S12000036,City of Edinburgh,21,72,1,0,0,1,7,41.6,59.6,0.1,1000,6.3,13.4,95.8,305.9,3,5,0,1000,0.8,1.1,8.1,21.6,1755,7344,21180,61082,114218,484,176.2,120.5,153.1,194,271
E09000001,City of London,72,10,10,0,0,0,17,14.2,15.1,0.2,200,6.7,13.7,64.7,0,1.1,1.4,0.1,20,0.9,1,14.6,0,201,531,2615,6460,279,0,81.2,47.3,78.4,165.4,0
S12000005,Clackmannanshire,91,0,0,0,0,1,8,19.9,26.3,0.1,80,5,11.9,48.9,0,1.2,5.2,0.1,20,0.8,1.3,11.2,0,699,2205,2640,6486,7714,0,215.7,117.8,170.1,286.3,0
E07000071,Colchester,50,38,0,1,3,5,11,33.5,46,0.1,350,5.1,11.3,78.1,302.6,3,5.6,0.1,20,0.8,1.2,9.5,19.8,2331,6207,8192,16553,35220,116,193.5,107.9,146.7,236.6,363.9
W06000003,Conwy,88,2,2,1,3,5,10,17.6,25.1,0.2,80,5.3,11.6,51.2,0,1.2,4.8,0,20,0.8,1.2,11.5,0,1711,4359,7238,14181,14215,0,174.9,82.9,130,260.9,0
E07000029,Copeland,87,0,0,1,2,6,13,19.3,26.2,0.1,80,5.5,11.4,50.9,0,1.2,5,0.1,20,0.8,1.2,11.2,0,863,2880,5023,7712,9836,0,195.1,111.3,141.2,284.4,0
E07000150,Corby,36,61,6,0,1,2,3,39.2,49.9,0.2,300,5.6,11.8,81.7,300,5,5.7,0.1,20,0.8,1.2,9.4,20,465,1442,2798,6184,12821,27,239.9,140.5,200.2,273,332.7
E06000052,Cornwall,54,31,29,1,3,5,14,17.2,24.2,0.1,350,5.3,12.1,52.6,308.3,1.1,4.2,0,50,0.8,1.2,11,19.2,8370,21158,34973,77509,60530,6,157.3,81.6,128,225,293
E07000079,Cotswold,66,17,17,1,2,5,16,17.1,58.5,0.1,1000,5.4,11.6,51.9,1000,1.2,41.4,0,1000,0.7,1.2,11.6,1000,1648,4066,6851,13091,12213,1354,125.7,64.9,101.3,197.7,0.1
E06000047,County Durham,91,1,0,1,1,2,8,20,26.9,0.1,200,5.3,11.8,48.9,0,1.3,5.3,0,20,0.8,1.3,11,0,6238,17674,26909,58323,75107,0,192.4,101.4,147.2,257.5,0
E08000026,Coventry,34,57,0,0,1,3,9,24,48.6,0.1,1000,6,11.6,86,450.8,3,5.4,0,1000,0.8,1.1,8.9,228.9,1430,7761,17172,29108,52612,239,222.8,146.3,188.9,257.7,428.9
E07000163,Craven,83,5,5,2,4,6,12,19.7,36.4,0.1,1000,5.5,13.1,50.2,1000,1.2,15.7,0,1000,0.7,1.2,11.1,1000,784,1605,3357,8547,7698,239,162.9,61.7,108.7,266.3,124.9
E07000226,Crawley,15,83,1,0,0,1,1,50,64.3,0.2,350,5.4,9.5,88.8,304.1,6,6.6,0,20,0.8,1.2,9,19.5,844,2655,4264,4757,27273,85,220.7,131.8,158.5,248.4,315.8
E09000008,Croydon,28,67,5,0,0,1,5,34.5,52.2,0.1,350,6.2,12.6,89,302.2,3,5.3,0,20,0.9,1.2,9,19.6,1396,6384,16834,39948,67605,334,222.6,142.4,196,246.9,436.3
E07000096,Dacorum,32,58,0,0,2,4,10,40,53.1,0.1,350,5.3,11.8,85,303.4,5,5.9,0,20,0.8,1.3,9.4,19.6,1252,4339,6581,12865,31826,88,193.2,108.9,142.5,232.6,255.8
E06000005,Darlington,16,76,0,1,3,4,7,50,62.5,0.1,350,4.9,9.9,95.2,303.1,5,5.4,0,20,0.8,1.1,8.1,19.7,1236,3489,4255,6268,23894,97,164.4,108,132.1,184.3,278.6
E07000107,Dartford,53,41,3,0,1,2,7,22.8,39.2,0.1,350,5.5,11.1,70.5,302.3,2.7,5.7,0,20,0.8,1.3,10.5,19.6,907,3514,5609,9836,17581,44,225,133.6,180,275.2,250.1
E07000151,Daventry,76,9,9,1,3,5,15,21.2,50.7,0.2,1000,5.2,12.5,51.6,995.2,1.2,29,0,1000,0.8,1.3,11.3,993.2,1050,2749,4159,10220,12597,725,170.1,93.7,131.6,238.4,0.6
W06000004,Denbighshire,80,1,1,2,4,9,18,16.5,22.6,0.1,80,5.4,11.9,49.5,0,1.1,4.1,0.1,22,0.7,1.1,11.3,0,1283,3342,5960,12456,9160,0,180.6,90.7,139.3,283.1,0
E06000015,Derby,26,71,0,0,0,0,2,40,59.3,0.2,350,5.8,11.8,89.5,304.1,5,5.5,0,50,0.8,1.2,8.3,20,1312,4410,9869,19338,53559,212,199.2,132.9,171,216.8,382.6
E07000035,Derbyshire Dales,77,1,1,2,7,12,22,17,22.8,0.1,80,5.4,12.2,50.5,0,1.2,4,0,20,0.7,1.2,11.1,0,1146,2872,5037,10735,7520,0,126.7,61.4,100,196.1,0
N09000005,Derry City and Strabane,44,44,0,3,5,6,12,38.3,41.1,0.2,350,5.1,11.4,66.2,306.7,5,6.1,0.1,20,0.8,1.2,10.1,19.7,1779,3361,5851,10897,25690,30,200.7,109.5,151.4,242.4,336.3
E08000017,Doncaster,52,35,0,1,2,3,13,20.1,36.1,0.1,350,5.4,12.1,71,302.4,1.3,4.5,0,20,0.8,1.3,9.3,19.9,3083,9364,15308,34862,42567,83,194.3,114.1,160.3,243.6,385.8
E07000108,Dover,89,0,0,1,2,4,11,21,35.7,0.1,300,5.2,11.7,67.5,300,1.3,5.1,0.1,20,0.8,1.4,10.1,20,1441,3897,5741,12410,17637,12,173.5,101.8,138.4,219.8,394.8
E08000027,Dudley,10,88,0,0,0,0,2,40,57.1,0.1,350,6,11,91.6,301.3,3,4.9,0.1,20,0.9,1.2,7.6,19.8,1269,6899,16485,22087,61112,231,176.9,123.9,153.1,194.7,298.6
S12000006,Dumfries and Galloway,76,0,0,3,7,13,22,16.3,22.6,0.1,80,5.6,11.6,49.5,0,1.1,4.1,0,20,0.6,1.2,10.9,0,2607,6037,13174,19659,16981,0,144.8,74.2,111.8,224.5,0
S12000042,Dundee City,16,82,0,0,0,0,2,50,64.3,0.2,350,6.1,13.5,98.2,301,5,5.5,0,20,0.9,1.2,8.4,19.9,509,2101,5771,15258,34576,146,207,138.9,183.8,222.1,382.4
E09000009,Ealing,46,51,3,0,0,1,4,39.8,47.3,0.1,350,6.1,11.5,76.9,305.7,4.5,6.1,0,20,0.8,1.2,10.1,19.4,1423,6628,16808,28044,62775,149,238.6,158.5,202.2,268.8,326.7
S12000008,East Ayrshire,63,28,0,1,2,4,8,19.9,32.2,0.1,300,5.1,11.3,63,300,1.3,5.1,0,20,0.7,1.3,10.5,20,1658,5291,6613,13216,18096,13,199.2,103.7,147.7,274.8,323.4
E07000061,Eastbourne,97,1,1,0,0,0,2,20.2,28.4,0.1,80,5.5,10.6,50.3,0,1.3,5.9,0,20,0.9,1.2,11.7,0,857,4104,6316,9847,17129,0,205,118.4,147,275.7,0
E07000009,East Cambridgeshire,81,8,1,1,2,4,10,24.4,36.6,0.1,350,5.6,13.4,62.6,304.5,3,5.8,0.1,20,0.8,1.5,10.6,20,776,1788,3929,10448,15069,11,190.5,83,129.1,258.5,375.5
E07000040,East Devon,80,3,3,1,4,7,16,18,24.5,0.1,200,5.2,11.8,50.8,0,1.2,4.5,0,20,0.8,1.2,10.9,0,2210,6278,9054,18622,17551,0,129.4,69.3,99.1,190.9,0
E07000049,East Dorset,83,2,0,1,2,3,15,18.2,25.6,0.1,300,5.4,11.6,49.8,300,1.3,5,0.1,20,0.8,1.5,10.9,20,1116,3699,5878,10853,12488,2,146.8,79.2,114.2,202.4,652.2
S12000045,East Dunbartonshire,91,0,0,0,1,2,9,40,60.9,0.2,300,5.8,12.1,103.5,300,3,5.1,0.1,20,0.8,1.2,8.5,20,705,2562,5196,10739,21810,35,152.7,109.5,144.1,159.9,377.5
E07000085,East Hampshire,82,0,0,1,4,7,17,20.3,35.4,0.1,300,5.8,12.8,68.6,300,1.3,5,0,20,0.8,1.3,10.4,20,1061,2974,6865,16677,18601,14,173,88.7,135.6,227.8,258.9
E07000242,East Hertfordshire,29,52,2,0,2,5,18,22.8,48.6,0.1,1000,5.6,12.6,88.1,464,1.7,5.6,0.1,1000,0.8,1.2,9.4,245.4,1373,3656,7762,17306,26085,139,169.7,101.2,142.1,201.2,196.5
E07000086,Eastleigh,55,38,0,0,0,1,7,28.2,44.9,0.1,350,6,12.3,77.9,302.5,3,5.6,0,20,0.9,1.3,9.9,19.6,617,3058,7133,14025,24288,40,191.3,112.5,152.3,230.6,300.6
E07000137,East Lindsey,78,2,0,4,7,10,19,18.2,26.4,0.2,300,5.1,11.8,54,300,1.2,4.7,0,20,0.7,1.2,11.2,20,2632,5107,8059,18290,18007,5,148.1,64.6,108.8,221.7,464.7
S12000010,East Lothian,83,0,0,1,2,5,15,17,23.6,0.1,80,6.1,13,49.3,0,1.1,4.2,0.1,20,0.8,1.2,11.2,0,815,2595,6804,17557,11424,0,191.5,105.6,153,284.1,0
E07000152,East Northamptonshire,48,44,5,1,1,3,8,24,45.2,0.1,1000,5.9,12.6,77.1,668.8,3,7,0.1,1000,0.8,1.3,10,536.3,754,1925,4686,10255,16281,93,174.1,87.9,141.2,209.5,147.3
S12000011,East Renfrewshire,47,44,0,0,0,1,9,33.6,56.4,0.1,350,6.3,12.3,98,302.9,3,5.1,0,20,0.9,1.2,8.8,19.6,417,1520,5075,9377,17179,51,206.7,121.5,158.7,252.1,222.1
E06000011,East Riding of Yorkshire,51,34,34,1,3,5,14,19.7,39.5,0.1,1000,5.7,12.5,78.2,543.2,1.2,5.8,0,500,0.8,1.1,12.4,215.9,2902,7337,16272,41710,47270,22,140.4,66,104.3,191.6,465.5
E07000193,East Staffordshire,89,0,0,1,2,3,10,20.3,26.6,0.1,80,5,10.2,48.5,0,1.3,5.6,0.1,20,0.8,1.3,11.1,0,2019,5173,7184,9644,18037,0,194.8,105.6,137.2,270.6,0
E07000030,Eden,73,2,2,5,9,14,23,16.8,23.8,0.2,80,5,10.9,51.7,0,1.2,4.5,0.1,20,0.6,1.1,11.2,0,1591,2071,3926,6102,6362,0,120.1,48.8,89.1,185.5,0
E07000207,Elmbridge,28,69,1,0,0,0,3,40,56.8,0.1,350,5.9,12.4,84.7,303.9,6,6.8,0,20,0.9,1.5,10.1,19.7,563,2541,5701,11366,30952,155,185.4,100.1,147.3,209.3,302.5
E09000010,Enfield,46,52,2,0,0,1,2,40,56.7,0.2,350,5.9,11.2,87,302.8,5,5.7,0,20,0.9,1.3,8.7,19.7,1302,6488,14173,21329,63609,212,218.3,157.6,189.3,237.7,294.5
E07000072,Epping Forest,22,68,6,1,1,3,9,27.4,54.7,0.1,1000,5.2,11.1,86.7,848.7,3,12.2,0.1,1000,0.8,1.3,9.7,787.6,1698,4470,7152,12009,24473,420,175.5,105.5,138.3,215.9,66.5
E07000208,Epsom and Ewell,25,72,3,0,0,1,2,40,54.7,0.2,350,6,12,84.6,303.9,5,6.3,0.1,20,0.9,1.3,9.7,19.6,306,1531,3643,6358,16598,51,190.8,117.8,153.1,217.2,245.9
E07000036,Erewash,29,69,0,0,1,1,2,40,55.7,0.1,350,5.5,11.3,86.4,302.1,5,5.8,0,20,0.8,1.2,8.9,19.7,847,2843,5393,8489,24785,95,178.7,109.3,147.2,200.6,283.6
E07000041,Exeter,17,75,9,0,1,2,8,40,55.7,0.2,350,5.5,10.4,92.3,309.8,3,5,0.1,20,0.8,1.1,8.2,18.8,1044,3963,7238,8676,25007,133,164.8,107.3,127.4,194.9,313.4
S12000014,Falkirk,65,29,0,0,1,2,6,40,63.2,0.2,350,5.8,11.4,100.7,300.7,5,5.3,0,20,0.9,1.2,8.3,19.9,907,3860,8666,13119,35931,144,206.9,140.4,171,232.8,302.1
E07000087,Fareham,64,30,0,0,1,2,6,40,57.9,0.2,350,5.7,11.8,90.7,300.9,5,5.8,0.1,20,0.8,1.3,9,19.8,769,2475,5218,9921,25496,57,159.3,105.8,138.3,173.4,594.6
E07000010,Fenland,75,15,0,1,2,3,10,20.3,35.3,0.2,300,6,13.1,67.8,300,1.3,4.9,0.1,20,0.8,1.3,10,20,683,1984,5231,13216,14344,14,193.8,98.8,153.9,252.9,274.2
N09000006,Fermanagh and Omagh,63,0,0,12,17,23,37,17.9,25.7,0.1,80,4.6,10,51.7,0,1.2,5.1,0,20,0.7,1.2,11.4,0,3062,4152,5740,8532,12956,0,148.3,78.3,115,203,0
S12000015,Fife,64,28,0,0,1,2,8,21.5,39.4,0.1,350,5.7,12.5,73.5,303.1,1.3,5.1,0.1,20,0.8,1.3,9.8,19.6,3017,10831,20715,46184,62525,179,250.6,110.1,167.9,356.3,335.9
W06000005,Flintshire,83,5,5,1,3,5,11,19.1,26.1,0.1,80,5.2,10.6,48.7,0,1.2,5.3,0,20,0.8,1.3,11,0,2266,6621,9415,14117,22221,0,192.2,100,140,267.4,0
E07000201,Forest Heath,78,12,0,0,2,3,10,22.7,35.4,0.2,300,4.9,12.9,62.6,300,2,5.4,0,20,0.8,1.3,10.4,20,901,2170,2559,8613,11690,12,212.9,103,174.3,259.3,344.9
E07000080,Forest of Dean,68,8,8,2,5,10,24,15.5,22,0.1,80,5.4,11.4,49.5,0,1.1,4,0,20,0.8,1.2,11.1,0,1240,3759,6366,10863,8545,0,151.9,85.3,122.2,228.5,0
E07000119,Fylde,70,20,1,1,2,3,10,20,33.6,0.1,300,5.8,12.4,64.5,300,1.3,5.1,0.1,20,0.9,1.3,10.6,20,671,2229,4726,10492,12359,15,164.6,92.4,130.9,213.2,491.8
E08000037,Gateshead,28,65,1,0,0,2,7,26.3,51.3,0.2,350,5.8,11.6,91,302.8,3,4.6,0,20,0.9,1.2,8,19.6,1297,5401,10962,19591,36471,142,180,122.1,158.2,201.6,308.7
E07000173,Gedling,77,21,0,0,1,1,2,50,62.5,0.1,350,5.7,12,89.8,303.3,5,5.6,0.1,20,0.8,1.2,7.9,19.8,546,2147,4089,8503,27730,61,160,106.3,145.7,167.8,222
S12000046,Glasgow City,72,21,3,0,0,1,7,20.3,42.3,0.1,350,6,12.4,81.8,302.8,1.2,4.7,0,30,0.8,1.1,9.6,19.6,3606,14146,34799,78152,97876,197,213,143.8,188.2,245.8,272.3
E07000081,Gloucester,17,75,0,0,1,3,7,50,67.2,0.1,350,5.2,10.5,97.3,305.5,5,6,0,20,0.8,1.2,8.5,19.5,1201,3305,4867,7547,30732,165,185,128.1,159.1,198.5,316.6
E07000088,Gosport,98,0,0,0,0,0,2,45.8,60.3,0.1,300,5.2,11.1,88.4,300,5,5.9,0.1,20,0.8,1.2,8.5,20,736,2086,2993,5525,19750,11,172.6,120.2,147.4,187,165
E07000109,Gravesham,40,54,1,0,1,1,6,38.3,49.8,0.2,350,5.6,11.2,82.4,301.6,5,5.9,0,20,0.8,1.4,9.7,19.7,726,2900,5052,7925,19221,63,206.6,129.3,168.8,238.7,353.3
E07000145,Great Yarmouth,93,0,0,0,1,2,7,27.4,44.2,0.2,350,5.7,12.6,76.8,303.8,3,5.5,0,20,0.8,1.3,9.7,20,647,2475,4511,10595,17636,13,194.8,102.5,157.2,233,282.4
E09000011,Greenwich,70,27,10,0,0,1,3,31.7,45.2,0.1,350,6.1,11.7,77.2,301.6,3,5.5,0,20,0.9,1.2,9.7,19.7,1020,5671,13438,25097,46704,96,231.6,164.8,204.4,257.5,324.6
E07000209,Guildford,33,61,1,0,1,1,6,40,57.5,0.1,350,4.9,10.6,82.4,301.5,6,6.8,0,20,0.8,1.5,9.7,19.8,1444,4346,4920,7882,33711,133,186.8,90.5,122.2,223,290
W06000002,Gwynedd,72,10,10,3,5,10,18,14.6,21.1,0.1,80,5.4,10.8,49,0,1.1,3.9,0,20,0.7,1.1,10.8,0,2298,4826,9222,11863,10461,0,141,69.9,109,225.5,0
E09000012,Hackney,42,53,7,0,0,1,5,21.9,44.6,0.1,350,6.8,13.3,78.9,309.2,1.3,5.2,0,20,0.9,1.1,9.6,19.1,600,2630,11645,32164,42220,120,218.1,157.8,203.8,233.5,338.2
E06000006,Halton,40,57,0,0,0,1,3,40,54.3,0.1,350,5.2,10.8,86.5,301.8,5,5.8,0.1,20,0.8,1.2,9.1,19.9,1107,4256,5577,9465,26963,83,212.6,122.8,178.2,237.5,458.8
E07000164,Hambleton,81,2,2,3,6,10,16,21.1,28.4,0,80,5.1,12.1,50.9,0,1.3,5.6,0.1,20,0.7,1.3,11.3,0,1480,2750,4473,10310,13824,0,132.2,57.4,95.5,181.6,0
E09000013,Hammersmith and Fulham,64,28,7,0,0,1,8,20.3,36.1,0.1,350,6.7,13.9,65.6,304.7,1.3,5.7,0,20,0.9,1.1,11.8,19.5,530,2064,8911,30650,31277,43,210.8,131.5,184.2,246,232.2
E07000131,Harborough,69,22,2,1,2,4,9,23.9,35.7,0.2,1000,5.7,13.1,59.4,802.2,2.7,6.9,0.1,1000,0.8,1.3,11,723,740,1955,4099,11382,15949,46,172.9,85.3,127.3,224.3,112.7
E09000014,Haringey,21,77,2,0,0,0,2,40,54.3,0.2,350,6.5,12.5,84.9,309.3,3,5.6,0,20,0.9,1.1,8.9,19,769,3216,11766,23618,52386,167,220.3,159.2,201.2,234.3,285.6
E07000073,Harlow,9,88,1,0,1,1,3,50,68.1,0.1,350,5.1,9.8,95.9,301.1,5,6,0,20,0.8,1.2,8.3,19.8,692,2605,3240,3917,21325,87,209.7,132.4,171.5,227.5,351.6
E07000165,Harrogate,41,47,2,2,4,5,12,24,44.3,0.1,350,5.5,12.1,78.7,305,3,5.4,0,20,0.8,1.2,9.9,19.4,1690,4445,8384,17425,29280,101,152.3,77.2,116.1,190.5,381.6
E09000015,Harrow,27,70,2,0,0,1,3,40,53.9,0.1,350,6,11.4,82.8,309.7,5,6.2,0,20,0.9,1.2,9.7,18.8,934,4596,11171,16767,47916,180,219.9,143.3,178,248.6,346.9
E07000089,Hart,31,59,2,0,1,3,10,40,57,0.2,350,5.8,12.8,88.2,303.5,5,6.2,0.1,20,0.8,1.4,9.6,19.7,531,1871,3839,8724,20536,86,178.4,105,137.5,207.3,291
E06000001,Hartlepool,19,76,0,0,2,3,5,50,67.1,0.1,350,4.6,9,94.1,302.8,5,5.7,0,20,0.7,1.1,7.9,19.8,1159,2772,2798,3727,21890,88,187.3,109,142.8,207.2,465.5
E07000062,Hastings,95,0,0,0,0,1,5,19.6,26.7,0.1,80,5.5,11.4,48.9,0,1.3,5.4,0,20,0.9,1.4,11.3,0,939,3361,5486,9682,13395,0,223.9,125.9,172.7,297.6,0
E07000090,Havant,41,57,0,0,0,1,1,44,62.9,0.1,350,6,11.9,93.9,301.4,5,5.9,0.1,20,0.9,1.3,8.7,19.8,527,2357,5714,9365,28758,108,178.1,119.9,144.9,198.3,323
E09000016,Havering,17,80,2,0,0,1,3,40,55.8,0.1,350,5.8,11.2,88.4,303.9,5,6,0,20,0.9,1.3,9.5,19.5,1406,5731,11978,19245,50881,228,202.7,125.7,168.8,227.5,328
E06000019,"Herefordshire, County of",72,10,10,2,4,8,18,16.1,24,0.2,100,4.9,10,50.9,0,1.2,4.8,0,100,0.7,1.1,11.5,0,4119,10203,12480,16983,22884,0,139.9,71.7,98.2,217.8,0
E07000098,Hertsmere,33,63,1,0,0,1,4,40,57,0.1,350,5.9,11.6,86.8,302.7,5.8,6.5,0,20,0.9,1.4,9.8,19.6,547,2085,5026,7869,23058,93,196.1,121.7,152.7,224.2,367.4
S12000017,Highland,70,0,0,5,8,16,28,13.7,21.7,0.1,80,5.5,10.3,50.6,0,1.1,4,0,20,0.6,1.1,11.1,0,5471,11847,24911,26535,26879,0,141.6,73.5,105.5,232.5,0
E07000037,High Peak,86,0,0,2,4,5,14,18.3,24.2,0.1,80,5.2,12.6,48.7,0,1.2,4.4,0.1,20,0.8,1.3,11,0,1245,3080,4750,13128,10497,0,184.7,98.3,146.6,264.7,0
E09000017,Hillingdon,13,82,1,0,1,2,4,40,55.1,0.1,350,5.8,11.4,86.9,302,5,6,0,20,0.8,1.2,9.4,19.7,1387,6367,12796,21305,55985,250,227,143.4,182.9,258.7,406.4
E07000132,Hinckley and Bosworth,88,5,0,1,2,3,7,39.1,49.3,0.2,350,5.3,11.7,80.6,302.6,5,5.8,0.1,20,0.8,1.3,9.5,19.7,1034,3348,5011,9942,22981,39,166.6,94.1,130.8,195.9,409.7
E07000227,Horsham,84,4,4,1,3,5,12,21.6,29.1,0.1,200,5.5,11.7,51.7,0,1.8,6,0.1,20,0.8,1.4,11.8,0,1676,4535,8147,15068,22629,0,167.6,84.6,121.2,227.1,0
E09000018,Hounslow,18,78,4,0,0,1,3,40,56.7,0.1,350,5.8,10.7,87.7,301.9,5,6,0,20,0.8,1.1,9.2,19.6,1300,6020,12384,17368,53241,266,248.3,151.3,186.1,290.4,366
E07000011,Huntingdonshire,87,6,1,1,1,3,7,38.3,45.5,0.1,1000,5.2,12,72.7,413.2,5,6.1,0.1,1000,0.8,1.4,9.7,178,1869,5020,7320,15954,36880,25,178.1,101.7,144.2,205.4,329.8
E07000120,Hyndburn,47,49,0,0,0,0,4,35.2,44.4,0.1,350,5.2,11.6,73.9,302.4,3,5.5,0,20,0.8,1.2,9.4,19.6,567,2517,3309,7065,14581,42,208.4,107.2,166.2,246.4,424.7
S12000018,Inverclyde,31,62,0,0,1,1,6,40,62.1,0.1,350,5.8,13.3,99.7,303.2,4.8,5.1,0,20,0.8,1.2,8.1,19.8,376,1400,2815,8015,16071,62,177.9,121.9,155.4,194.9,308.9
E07000202,Ipswich,29,69,1,0,1,1,2,40,56.4,0.2,350,6,11.9,87.8,303.6,5,5.7,0,20,0.9,1.2,8.9,19.6,656,2737,6291,11552,29331,97,199,133.3,172.9,217.4,266.1
W06000001,Isle of Anglesey,71,9,9,2,6,10,19,16.7,23.3,0.1,80,5.2,11.2,49.9,0,1.2,4.4,0.1,45,0.7,1.2,10.9,0,1355,2989,4784,7912,7790,0,155,66.7,115.7,239.4,0
E06000046,Isle of Wight,93,0,0,0,1,1,7,19.8,27.1,0.1,80,5.8,13.5,51.1,0,1.2,5,0,20,0.9,1.3,11.5,0,1237,3130,7055,20998,18345,0,164.1,81.1,130.6,222.6,0
E06000053,Isles of Scilly,93,0,0,0,0,1,7,35,33.9,0.2,80,5.4,9.6,55.5,0,6.9,7.3,0.2,20,0.9,1.4,12.5,0,47,114,208,168,607,0,115.1,48.3,68.9,155.3,0
E09000019,Islington,31,65,6,0,0,0,5,24.4,50.7,0.1,350,6.8,13.4,87.6,308.1,3,5,0,20,0.9,1.1,8.8,18.9,515,2230,10875,30642,43676,161,192.6,132.5,180.2,204.8,239.2
E09000020,Kensington and Chelsea,31,65,5,0,0,0,4,23.9,51.4,0.2,350,6.3,12,91,305.5,2,5.5,0,20,0.9,1.1,9.9,19.3,737,3393,10754,19619,33239,209,155.1,103.1,125.3,184.5,245.7
E07000153,Kettering,42,53,3,0,1,1,5,40,54.7,0.1,1000,5.5,13,87,541.4,5,6.6,0,1000,0.8,1.2,9.2,355.9,674,2289,3652,10228,20274,105,192.1,107.4,164.9,214.2,196.5
E07000146,King's Lynn and West Norfolk,81,0,0,1,4,8,18,18.5,25,0.1,200,5.2,11.6,49.5,0,1.2,4.8,0,20,0.8,1.3,11.1,0,2605,6188,9913,18239,20138,0,161.5,84.9,120.8,235.6,0
E06000010,"Kingston upon Hull, City of",1,45,45,0,2,22,54,13.1,41.6,0.1,1000,6.4,10,112.1,575.8,1,5.1,0.1,1000,0.9,0.9,14.1,254.7,639,5760,19117,22193,21124,41,140.9,104.8,117.4,192.6,564.6
E09000021,Kingston upon Thames,13,84,1,0,0,0,3,50,61.6,0.1,350,6.4,13.1,89.5,304,5,6.5,0,20,0.9,1.2,9.4,19.4,426,1707,5803,14346,37823,124,163.6,121.1,166.1,161.8,11.5
E08000034,Kirklees,40,51,0,0,1,2,8,21.9,44.8,0.1,1000,5.3,10.3,83.9,390,2,4.8,0,1000,0.8,1.2,8.4,142.2,4469,16237,23921,33115,66795,240,180.4,115.1,147.9,217.4,359.7
E08000011,Knowsley,26,72,0,0,0,1,2,40,56.6,0.1,350,5.3,10.6,89.3,301.3,5,5.4,0.1,36,0.8,1.1,8.4,19.8,1171,4203,6212,10019,29905,80,216.7,147.8,188,237,351.1
E09000022,Lambeth,59,34,9,0,0,1,6,21.3,41.9,0.1,350,6.6,13.3,74.7,303.3,1.3,5.1,0,20,0.9,1.1,9.6,19.7,895,3664,14661,44581,54849,107,220.7,149.6,195.8,249.4,275.1
E07000121,Lancaster,84,11,7,0,1,1,5,20,57.2,0.2,1000,6,12.3,59.1,995.8,1.2,32.7,0.1,1000,0.8,1.2,11,994.2,936,3295,8213,16480,20135,1347,188.8,100.6,148,252.2,167.5
E08000035,Leeds,73,21,2,0,1,1,6,36.4,49,0.1,1000,5.5,11.4,83,360.8,3,5.2,0,1000,0.8,1.2,8.7,100.6,5811,22062,38447,68848,145759,448,201.8,121.3,157.4,242.2,361.8
E06000016,Leicester,16,78,0,0,0,1,5,47.9,57.8,0.1,350,6,12.5,90.1,304.5,3,4.8,0,36,0.9,1.1,7.4,19.4,1221,5339,12544,25972,61377,275,223.4,156.5,198.1,241.3,350.2
E07000063,Lewes,91,2,1,1,2,2,7,19.8,27.1,0.2,300,6,13.3,50.8,300,1.2,5.1,0.1,20,0.9,1.4,11.3,20,785,2194,5805,15134,13837,2,207.3,102.7,181.9,251,350.4
E09000023,Lewisham,64,31,12,0,0,2,5,20.4,40.2,0.2,350,6.3,12.5,75,302.6,1.3,4.9,0,20,0.9,1.2,9.6,19.7,1028,5290,15884,35486,45364,96,219.8,164.3,202.5,241.6,228.3
E07000194,Lichfield,37,56,0,0,1,2,7,35.2,45.5,0.2,350,5.6,11.8,75.3,302.6,5,5.9,0.1,20,0.8,1.3,9.9,19.6,805,2739,4902,9786,20226,58,166.5,87.6,123.7,204.3,318.6
E07000138,Lincoln,21,77,0,0,0,0,2,50,67.4,0.1,350,5.1,10,90.3,300.6,5,6.3,0.1,20,0.8,1.2,8.3,19.9,658,2619,3156,4304,26040,89,193.8,119.7,150.5,210.8,375.4
N09000007,Lisburn and Castlereagh,73,17,0,1,2,4,11,39.8,43.6,0.1,350,4.9,10.2,69.8,302.6,6,6.5,0.1,20,0.8,1.3,10.4,20,1932,5087,6215,9155,28420,19,178.9,106.1,134.9,213.1,459.4
E08000012,Liverpool,21,75,3,0,0,1,4,39.1,53.4,0.1,350,6.3,13.3,89.3,302.4,3,4.9,0,20,0.9,1.2,8.2,19.7,1641,6391,19044,51807,86899,234,211.1,143.6,192.7,227.4,333.8
E06000032,Luton,21,76,0,0,0,0,2,50,64.1,0.1,350,5.1,10.7,90.8,305.3,5,5.8,0,30,0.8,1.2,8.1,19.3,1303,4966,5971,10572,44405,151,215.5,151.5,201.2,233.7,67.8
E07000110,Maidstone,48,41,1,1,3,5,12,34,44.7,0,350,5,11.5,74.7,302.1,5,5.8,0,20,0.8,1.3,9.9,19.8,2096,5284,7089,14314,31035,97,160.7,97.2,136.5,188.9,31.5
E07000074,Maldon,77,0,0,1,4,8,21,17.1,23.4,0.2,80,5.1,11.8,50.1,0,1.2,4.4,0,20,0.8,1.2,11.5,0,1134,2695,3953,8797,7242,0,163.7,89,129.9,240.1,0
E07000235,Malvern Hills,76,2,2,2,7,11,21,16.1,23.9,0.1,80,5,10,49.9,0,1.2,4.9,0,20,0.8,1.3,11.3,0,1539,4456,5627,7272,10002,0,138.9,73.5,97.7,215.5,0
E08000003,Manchester,51,41,4,0,1,2,8,20.8,41.2,0.1,350,6,11.1,75.6,306.5,1.3,5,0,50,0.8,1.1,9.5,19.6,3086,13062,31023,47682,81218,241,233.5,166.5,203.5,267.8,358.7
E07000174,Mansfield,98,0,0,0,0,0,2,40,58.7,0.1,300,5.6,10.9,87.6,300,5,5.8,0.1,20,0.8,1.2,8.6,20,524,2775,4797,6951,24520,59,204.6,120.3,158.4,232.5,293.9
E06000035,Medway,20,76,0,0,1,2,5,40,62.3,0.1,350,5.5,11.3,93.4,305.5,5,6,0,50,0.8,1.3,8.9,24.7,1699,6755,10916,18792,60477,346,207.2,127.4,182.2,221.4,483.5
E07000133,Melton,88,1,0,2,4,6,10,24.2,43.8,0.2,300,5.5,12.4,78,300,3,5.3,0.1,20,0.8,1.3,9.6,20,595,1235,2556,5744,9170,18,147.1,70,109.3,188,256.3
E07000187,Mendip,79,1,1,1,4,7,19,18.2,30.9,0.2,350,5.7,12,64.7,307.7,1.2,4.5,0,20,0.8,1.2,10.3,19.6,1315,3844,7735,15258,15727,13,150.4,76,130.9,186.2,25.5
W06000024,Merthyr Tydfil,93,2,2,0,0,0,5,17.6,25,0.1,80,5.4,10.3,48.3,0,1.2,5,0.1,20,0.8,1.2,11.1,0,629,2551,3969,5261,7843,0,232.2,144.6,174.3,322.9,0
E09000024,Merton,17,81,1,0,0,0,2,44,58.5,0.1,350,6.1,11.4,87.5,303.5,5,6.2,0,20,0.9,1.2,9.3,19.7,696,3692,9640,15120,45852,184,193.5,142.5,173.7,209.8,133.7
N09000008,Mid and East Antrim,82,0,0,3,5,8,18,21.3,28.2,0.1,80,5,11.3,51,0,1.3,5.6,0,20,0.8,1.2,11.5,0,2270,4791,6779,13020,19908,0,184.6,104.6,147.1,234.8,0
E07000042,Mid Devon,69,2,2,3,7,12,28,15.8,22.2,0.2,80,5.2,11.4,50,0,1.1,4,0.1,20,0.7,1.2,11,0,1487,3346,5722,10668,8150,0,145.3,73.9,117.8,216,0
E06000002,Middlesbrough,9,85,0,0,2,3,6,50,63.7,0.1,350,5.5,11.2,100.2,305,3,4.8,0.1,20,0.8,1.1,7.4,19.1,971,3428,5739,9994,28158,140,196.8,140.3,189.1,201.5,361.9
S12000019,Midlothian,84,0,0,1,3,5,15,17,23.8,0.2,200,4.8,10.8,48.7,0,1.2,4.6,0,20,0.8,1.3,11.1,0,1899,4400,5208,10272,11365,0,217.1,107.4,154.4,336.1,0
E07000203,Mid Suffolk,70,1,1,3,8,14,26,15.5,22.8,0.2,100,5.1,10.4,49.4,0,1.1,4.5,0.1,20,0.7,1.2,11.1,0,2410,5021,7565,10553,11949,0,139.4,73.6,106.5,209,0
E07000228,Mid Sussex,91,2,2,0,1,2,7,21.8,29.3,0.2,80,6.1,12.7,50.9,0,1.9,5.9,0,20,0.8,1.4,11.7,0,883,3363,9140,18009,23963,0,184.5,102.2,143.6,237.6,0
N09000009,Mid Ulster,69,1,1,6,10,15,30,21.1,27.9,0.1,80,4.7,11.2,51.4,0,1.4,5.5,0,20,0.7,1.3,11.3,0,2806,4391,5981,11857,17847,0,174.2,90.4,136.8,226.2,0
E06000042,Milton Keynes,81,13,13,0,1,2,5,21.8,28.7,0.1,1000,4.7,10.1,50.6,1000,1.4,6.3,0,1000,0.8,1.2,11.8,1000,3733,13007,12262,20525,41400,18,236.7,140.3,174.9,309.5,0
E07000210,Mole Valley,36,55,4,0,1,2,9,31.8,45.6,0.1,350,5.9,12.8,76.3,302.8,5,6,0.1,20,0.8,1.5,10,19.6,496,1982,4543,9148,16915,53,161.3,76.5,122.1,198.1,267.3
W06000021,Monmouthshire,78,4,4,3,6,9,18,16.6,24.4,0.1,80,5.3,11.3,51.2,0,1.2,4.7,0.1,20,0.8,1.2,11.6,0,1588,3602,6218,11476,11194,0,160.5,89.2,123,236.3,0
S12000020,Moray,80,0,0,2,5,11,20,17.9,24,0.2,80,5.4,11.9,49.8,0,1.2,4.5,0,20,0.8,1.3,11.2,0,1440,3998,6735,12820,11716,0,188.8,96.4,129,314.8,0
S12000013,Na h-Eileanan Siar,54,0,0,5,10,18,32,13.3,21.3,0.2,80,5.4,10.3,50.8,0,1.2,3.7,0,20,0.6,1.1,10.4,0,670,1300,2499,2697,2676,0,110.7,62.4,85.6,176.5,0
W06000012,Neath Port Talbot,94,1,1,0,1,1,5,38.8,52.3,0.2,300,5.3,11.9,87,300,3,5.2,0,20,0.8,1.3,8.6,20,1156,3904,5805,12330,26748,31,199.1,119.8,172.2,221.1,765.8
E07000175,Newark and Sherwood,91,1,1,1,2,3,8,33,44.7,0,300,5.1,11.8,75.2,300,4.3,5.6,0,20,0.8,1.4,9.4,20,1397,3601,5053,11075,22468,26,169,88.1,125.6,209,413.8
E07000195,Newcastle-under-Lyme,43,52,1,0,1,2,5,34.1,46.8,0.1,350,5.5,11,79.8,302,3,5.4,0,20,0.8,1.3,9.1,19.9,992,3925,6349,9960,22561,75,178.5,104.5,138.3,215.4,409.1
E08000021,Newcastle upon Tyne,71,24,5,0,0,0,4,28.8,46.5,0.2,350,6,12.3,80.5,302.2,3,5.1,0.1,50,0.9,1.2,9,20.5,1369,5525,13583,29625,49683,129,207.9,133.1,182.3,234,289.8
E07000091,New Forest,76,9,0,1,3,5,15,18.8,28.9,0.1,300,5.6,12,57.5,300,1.2,4.8,0.1,20,0.8,1.3,10.7,20,2146,5760,11760,22704,25020,9,156.1,83.7,116.1,223.1,242.4
E09000025,Newham,29,68,13,0,0,2,3,23.1,42,0.2,350,6.2,10.6,74.3,307.1,2,5.5,0,49.4,0.8,1.1,10,19.8,1511,6257,17355,22529,45410,125,277.1,194.3,232.5,323.3,436
W06000022,Newport,95,1,1,0,1,2,4,40,53.7,0.1,300,5.6,10.7,85.7,300,5,5.6,0.1,20,0.8,1.2,8.8,20,1159,4113,7393,10523,30842,45,196.8,136.5,176.5,213.6,297.1
N09000010,"Newry, Mourne and Down",74,1,1,5,8,12,24,20.8,27.8,0.1,80,4.7,11.7,51.8,0,1.3,5.4,0,20,0.7,1.2,11.4,0,3476,5513,7262,17150,22454,0,186.4,97.8,153.6,234.8,0
E07000154,Northampton,36,61,0,0,1,2,3,40,58.7,0.1,1000,6,10.7,91.3,361.1,5,6,0.1,1000,0.9,1.1,8.9,103.3,1063,5145,12109,16228,49373,176,207.5,142.6,177,228.1,349.9
S12000021,North Ayrshire,69,19,0,1,1,3,12,18,29.4,0.2,300,6,12.8,63,300,1.2,4.3,0.1,20,0.8,1.3,10.3,20,1007,3776,9601,21825,17712,29,203.3,114.4,165.8,279.4,342.3
E07000043,North Devon,83,1,1,2,5,8,15,19,26.1,0.2,80,5,11.8,51.5,0,1.2,5,0,20,0.7,1.2,11.5,0,1880,3784,5789,12489,13467,0,155,69,110.6,232.8,0
E07000050,North Dorset,85,1,1,2,4,7,15,18.8,25.5,0.1,80,5,12.5,50.2,0,1.2,4.8,0.1,20,0.8,1.4,11.2,0,1181,2428,3403,9921,8930,0,147.9,70.6,116.7,206.2,0
E07000038,North East Derbyshire,85,0,0,1,3,5,15,18.5,25.1,0.1,200,4.8,10.6,48.5,0,1.2,4.9,0,20,0.8,1.3,10.7,0,1634,5116,5446,9756,13541,0,163.2,87,122.3,228.9,0
E06000012,North East Lincolnshire,9,88,0,0,1,1,3,50,71.5,0.2,350,6.1,12.1,102.6,302,5,5.6,0,20,0.9,1.2,7.9,19.7,665,2252,5817,11453,37271,200,180.7,114.9,165.5,188.3,288.4
E07000099,North Hertfordshire,84,4,0,0,1,3,11,40,55.1,0.2,300,5.7,13.5,88.7,300,3.1,5.5,0,20,0.8,1.2,9,20,938,2211,4949,14763,28191,20,165.1,97,139.2,185.9,123.8
E07000139,North Kesteven,61,29,0,2,3,5,10,35.1,42.9,0.1,350,4.9,11.9,69.9,304.8,5,6,0.1,20,0.7,1.3,9.9,19.5,1673,3424,4529,10635,22977,42,160.8,79.4,120,196.2,172.9
S12000044,North Lanarkshire,29,66,0,0,1,2,5,40,58.9,0.1,350,5.2,11.1,93.4,301.4,5,5.6,0,20,0.8,1.2,8.9,19.9,3127,10143,14742,26257,72901,370,215,136,176.6,242.6,373.2
E06000013,North Lincolnshire,51,39,0,1,2,3,9,35.7,45.4,0.1,350,4.7,11.3,75.1,302.2,5,5.6,0.1,20,0.7,1.3,9.3,19.7,2754,5287,6355,13382,31269,69,173.5,85,129.9,211.3,458.2
E07000147,North Norfolk,79,0,0,1,4,8,18,17.7,23.8,0.2,80,5.3,12,50.5,0,1.2,4.4,0,20,0.7,1.3,11.2,0,1918,4760,7610,15309,13086,0,119.7,57.7,92.4,180.6,0
E06000024,North Somerset,86,1,1,2,3,5,13,18.3,33.1,0.1,300,5.7,11.5,67.9,300,1.2,4.6,0,20,0.9,1.2,10.1,20,1993,7122,14165,25206,29997,23,169.1,105,137.1,220.2,229.3
E08000022,North Tyneside,38,57,0,0,1,2,5,35.2,50.7,0.1,350,5.4,10.5,87.8,302.5,3,5.1,0,20,0.8,1.1,8.7,19.7,1877,7365,11765,17154,40593,141,174.9,119.1,152.5,196.9,381.2
E06000057,Northumberland,87,2,2,2,3,5,11,19.1,25.9,0.1,80,5.4,11.5,49,0,1.2,5.1,0.1,20,0.7,1.3,11,0,4914,12095,20804,37276,47078,0,174.9,87.1,131,244,0
E07000218,North Warwickshire,74,14,1,1,3,4,11,20.6,31,0.1,300,4.9,11.9,57.9,300,1.3,5.3,0.1,20,0.8,1.3,10.9,20,1061,2450,2885,7508,9820,9,183.5,89.4,140.9,242.7,419.7
E07000134,North West Leicestershire,34,58,0,0,1,2,8,39.9,52.8,0.1,350,5,12.2,82.6,302,5,5.9,0.1,20,0.8,1.4,9.3,20,884,2759,3407,8933,21141,75,169.3,85.7,133.6,195,429.2
E07000148,Norwich,42,56,0,0,0,1,2,43.5,57.1,0.2,350,6,11.5,85.4,306.1,5,5.8,0.1,20,0.9,1.2,8.6,19.6,549,2997,6684,10875,33254,99,199.6,121.7,151.2,229.5,344.7
E06000018,Nottingham,20,76,3,0,0,0,3,50,62.6,0.1,350,5.9,11.6,92.9,303.3,5,5.3,0,20,0.8,1.1,7.8,19.8,1235,5686,12385,20784,65257,304,216.3,152.7,190.1,231.6,375.9
E07000219,Nuneaton and Bedworth,51,46,0,0,1,1,3,40,56.1,0.2,350,5.4,10.8,84.7,303,5,6.1,0,20,0.8,1.2,9.2,19.6,781,3552,5284,8580,28117,84,195,118.4,157.3,218.7,332.1
E07000135,Oadby and Wigston,32,67,0,0,0,0,1,39.9,52.5,0.2,350,6.2,12.5,84.9,307.4,5,5.6,0.1,20,0.9,1.3,9.1,19.3,168,924,2539,5289,10827,27,181.8,101.1,149.1,208.3,295.4
E08000004,Oldham,35,62,0,0,0,1,3,40,49.1,0.1,350,5.4,9.9,76.9,302.2,5,5.8,0,50,0.8,1.2,9.1,19.6,1873,6426,11163,12386,44150,113,209.6,143.1,174.2,234.6,364.2
S12000023,Orkney Islands,58,0,0,7,14,29,37,9.2,17.6,0.2,80,5.5,9.9,52.9,0,1,2.9,0.1,20,0.6,1,11.5,0,703,1225,2703,2753,1601,0,112.8,62.8,89.3,219.1,0
E07000178,Oxford,27,71,0,0,0,0,2,50,58.5,0.2,350,6,11.8,85.3,303.4,5,6.3,0.1,20,0.8,1.2,9.2,19.5,529,2385,5560,10051,31247,133,196.4,128.9,155.4,219.8,331.3
W06000009,Pembrokeshire,79,3,3,3,6,9,16,18.6,25.9,0.1,80,5.1,10.9,51.6,0,1.2,5,0,20,0.7,1.2,11.3,0,2648,5176,8057,13013,16803,0,142,66.7,99.7,213.6,0
E07000122,Pendle,94,0,0,1,1,2,5,22.9,40.9,0.1,300,5.8,13.6,73.2,300,1.3,4.8,0.1,20,0.9,1.2,9.1,20,563,1608,3661,11177,14283,4,188.5,96.1,160.7,221.6,256.8
S12000024,Perth and Kinross,47,29,0,3,6,12,22,19.7,36.7,0.1,300,5.6,12.2,77.7,300,1.2,4.4,0,20,0.7,1.1,9.7,20,2255,4992,10533,20031,22297,56,149,77.4,116.4,230.6,464.4
E06000031,Peterborough,29,68,3,0,0,1,3,40,58.4,0.2,1000,5.3,10.4,82.9,784.9,5,10.3,0.1,1000,0.8,1.2,8.9,697.9,1732,6079,8635,11880,42667,451,220.9,140.3,173.3,252.4,233.1
E06000026,Plymouth,16,80,0,0,1,1,4,50,65.2,0.1,350,5.7,11.4,96,302.4,5,5.7,0,20,0.9,1.2,8.2,19.7,1462,5652,10381,18503,60870,297,193.6,119.9,161.3,211.8,352.9
E06000029,Poole,34,64,0,0,0,0,2,40,57.5,0.1,350,5.6,11.5,89.8,302.5,5,5.7,0,20,0.9,1.3,8.7,19.8,795,3997,6751,12213,32991,138,168,102.4,129.1,194.9,364.6
E06000044,Portsmouth,58,38,0,0,1,2,4,50,63.8,0.2,350,5.6,11.1,92.7,302.7,5,5.9,0,20,0.9,1.1,8.5,19.7,877,4951,7930,13239,48427,132,200.9,136.6,182,211.1,322.8
W06000023,Powys,59,11,11,5,10,17,28,12.6,20,0.1,80,5.1,10.3,51.8,0,1.1,3.6,0,45,0.7,1,11.4,0,3967,6650,12066,15057,11551,0,128.1,68.1,97.5,227.1,0
E07000123,Preston,31,65,2,0,0,1,4,39.8,49,0.1,1000,5.7,11.6,80.2,427.9,3,5.7,0.1,1000,0.8,1.2,9,196.3,996,2966,6331,11994,26128,61,195.3,116.4,163.1,222,387.6
E07000051,Purbeck,71,12,0,2,4,6,17,18.4,28.9,0.1,300,5.4,12.3,60.9,300,1.2,4.4,0.1,20,0.8,1.2,10.4,20,652,1738,2985,6918,6309,7,140.7,75.7,107.8,203.7,529.1
E06000038,Reading,24,73,3,0,0,1,3,40,56.1,0.1,1000,6,12.6,85.7,316.7,5,6,0,1000,0.8,1.2,9.1,40.2,648,2667,6401,15145,35312,144,226.9,137.9,189,252.6,394.5
E09000026,Redbridge,22,75,7,0,0,1,4,40,55.5,0.1,350,6.4,13,87.9,303.5,5,5.7,0,65.5,0.9,1.3,9,19.6,673,3500,11220,25243,51582,284,235.2,157.2,209.3,254.6,411.3
E06000003,Redcar and Cleveland,30,63,0,0,2,3,6,50,64.6,0.2,350,5.5,11.4,100.9,302.6,5,5,0.1,30,0.8,1,7.6,19.5,1009,3394,6081,10072,29586,115,165,116.8,152.9,172.5,378.3
E07000236,Redditch,20,79,1,0,0,0,1,40,59.5,0.2,300,5.6,10.9,89.9,300,5,5.8,0.1,20,0.9,1.2,8.6,20,413,2364,4042,5623,19265,85,192.4,129.2,156.7,214.6,337.2
E07000211,Reigate and Banstead,28,67,1,0,1,1,5,38.5,51.6,0.2,350,5.9,12.7,83.2,301.6,5,5.9,0,20,0.9,1.5,9.5,19.8,649,3007,6442,14424,29490,96,184.9,111.7,154.6,209.6,251.5
S12000038,Renfrewshire,47,43,0,0,1,3,11,33.9,55.5,0.1,350,5.9,12,96.9,302.2,3,5,0,20,0.8,1.1,8.7,19.8,1149,4295,9934,19220,35699,135,186.3,132.5,173.6,198.1,274.6
W06000016,Rhondda Cynon Taf,89,7,0,0,0,1,4,20.4,29.5,0.1,350,5.2,11,54.3,302.1,1.3,5.3,0,20,0.8,1.3,10.7,19.8,2878,8926,13087,22076,34673,24,227.5,123,170.6,303.9,553
E07000124,Ribble Valley,82,4,3,2,4,6,14,19.1,27,0.2,300,5.4,12.1,52.1,300,1.2,5.1,0.1,20,0.7,1.3,11.3,20,784,1887,3325,7343,7954,1,145.8,74.2,113.6,199.1,217.6
E07000166,Richmondshire,76,2,2,4,8,13,22,17.6,24.3,0.1,80,5.2,11.4,49.5,0,1.2,4.6,0.1,20,0.7,1.3,11,0,969,1946,3335,5905,6242,0,154.7,81.5,118.2,224.7,0
E09000027,Richmond upon Thames,19,78,4,0,0,1,4,47,61.4,0.1,350,6.1,13.1,92.6,301.9,5,6.3,0,20,0.8,1.2,9.6,19.8,654,3053,7693,19434,46189,238,177.7,104.4,140.1,206.9,253.2
E08000005,Rochdale,83,15,0,0,0,0,2,35.4,42.9,0.1,300,5.4,10.5,71.8,300,3,5.5,0,20,0.8,1.2,9.3,20,1658,6898,11181,14965,38617,30,206.7,135.5,167.4,241.8,271.4
E07000075,Rochford,88,0,0,0,1,3,12,19.4,26.4,0.2,200,6.1,12.9,48.9,0,1.3,5.1,0.1,20,0.9,1.5,11.2,0,546,2021,5006,11758,11563,0,205.3,104.4,155.7,287.4,0
E07000125,Rossendale,93,0,0,0,1,2,7,29.2,38.4,0.2,300,4.6,11.1,66.1,300,3,5.6,0.1,20,0.8,1.4,9.8,20,1124,2873,2916,5964,12608,9,195,105.2,150.3,240.1,405.7
E07000064,Rother,87,1,1,0,1,3,12,19.1,25.7,0.1,80,5.6,12.4,49.2,0,1.2,4.9,0,20,0.8,1.4,10.9,0,1214,2997,6149,12567,13055,0,158.8,74.2,112.4,239.4,0
E08000018,Rotherham,51,37,1,0,2,4,12,19.8,38.2,0.1,350,5.5,11.1,76.2,302.2,1.2,4.5,0.1,20,0.8,1.2,9.1,19.9,2598,9223,16314,25788,37849,69,192,117.1,160.6,236.3,331.1
E07000220,Rugby,58,34,1,1,2,3,8,39.8,46.7,0.2,350,4.9,10.4,75.3,304.2,5,6,0,20,0.8,1.3,9.7,19.4,1317,3983,4737,7264,21632,48,185.1,100.9,137.6,222.4,264.9
E07000212,Runnymede,35,61,1,0,0,1,4,40,52.6,0.1,350,5.6,11.8,81.6,301.4,5.7,6.5,0,20,0.8,1.3,10.1,20,617,1932,3731,6690,17719,74,215.3,103.2,146.5,300.1,3.1
E07000176,Rushcliffe,31,63,0,1,2,3,6,40,57.4,0.2,350,5.4,13.2,85.8,302.9,5,6.1,0.1,20,0.8,1.3,9.1,19.5,798,2183,3488,10423,25567,104,156.6,75.5,116.7,182.4,220.4
E07000092,Rushmoor,17,79,1,0,1,2,4,50,66.8,0.2,350,5.2,11.2,94.8,301.4,6,6.5,0.1,20,0.8,1.2,9.1,19.9,686,2282,2995,6018,22991,109,203.6,133.4,182.1,215.4,343.2
E06000017,Rutland,82,8,8,0,1,1,10,24,34.7,0.1,1000,5.3,13.8,49.8,1000,3.7,10.9,0.1,1000,0.7,1.5,11,1000,394,880,1488,4758,6170,67,143.9,57.8,115.1,180.2,0.2
E07000167,Ryedale,75,5,5,5,8,13,20,18.6,25.8,0.1,80,5.1,10.7,51.3,0,1.2,5.1,0.1,20,0.7,1.2,11.2,0,1214,2310,3689,5231,7424,0,119.3,56.3,87.6,171.3,0
E08000006,Salford,23,70,7,0,1,3,7,31.4,50.4,0.1,350,6.2,12.5,87,303,3,5.1,0,20,0.9,1.2,8.9,19.6,932,4658,12441,27089,45640,183,214.8,147.5,191.7,237,353.3
E08000028,Sandwell,43,55,0,0,0,0,2,24.4,47.8,0.1,350,6.1,11.7,84.1,302.1,2,4.7,0,20,0.8,1.1,8.3,19.8,1293,6231,15879,28192,50405,165,215.5,157,192.1,239.7,363.4
E07000168,Scarborough,90,1,1,1,2,4,9,19.8,27.4,0.1,80,5.5,12.4,50.6,0,1.2,5.2,0,33,0.7,1.2,11.2,0,1245,3462,6094,15034,16566,0,158.9,70.5,127.2,207.7,0
S12000026,Scottish Borders,74,1,1,4,7,16,24,16.6,23.4,0.2,80,5.8,11.8,51,0,1.1,4.2,0,20,0.6,1.1,11.3,0,1929,3929,10591,16026,13606,0,150.7,71,106.2,255.5,0
E07000188,Sedgemoor,85,2,2,1,4,7,14,18.8,25.6,0.1,80,5.4,11.1,49.8,0,1.2,5.1,0.1,20,0.8,1.2,11.3,0,1667,4877,8678,12514,16727,0,190.4,107.5,133.3,283.7,0
E08000014,Sefton,48,50,0,0,0,0,2,39.8,51.9,0.1,350,6,12.6,84.7,301.6,3,5.5,0,20,0.9,1.2,9,19.9,1093,5035,12142,28034,54837,127,188.6,114.2,162.7,210,289.5
E07000169,Selby,79,7,7,2,3,5,15,19.7,26.2,0.2,80,5.3,11.5,48.7,0,1.3,5.2,0,20,0.8,1.4,10.9,0,1229,3052,5179,9369,12345,0,181.2,90.4,128.5,260.5,0
E07000111,Sevenoaks,67,20,1,1,1,3,12,21,37.3,0.1,1000,5.5,12,65.6,897.7,1.3,8.4,0.1,1000,0.8,1.4,11,856.2,1298,3745,6867,13600,18381,150,171.7,92.3,138,219.3,49.6
E08000019,Sheffield,51,38,1,0,0,2,11,20,38,0.1,350,5.4,10.6,72.4,306.7,1.3,4.7,0,50,0.8,1.1,9.2,19.2,5535,19543,31705,47886,82162,178,195,121.1,154.8,245.4,347.7
E07000112,Shepway,86,1,1,2,5,8,13,21.3,38.4,0.1,300,5.2,12.9,72.6,300,1.3,5.1,0,20,0.8,1.3,10.1,20,1314,2639,4528,13933,16701,11,173.6,86.6,139.9,218.3,446.5
S12000027,Shetland Islands,64,0,0,4,9,23,32,8.7,21,0.2,80,6,9.7,53.8,0,1.1,3.9,0.1,20,0.6,1,11.6,0,541,1028,3461,2179,2481,0,120.9,71.5,89.5,210.5,0
E06000051,Shropshire,72,7,3,2,6,10,21,18.1,26.3,0.1,350,5.2,11.2,53.5,305,1.2,4.8,0,20,0.7,1.2,11.2,20,5191,12996,19819,34196,39940,10,142.6,74.2,106.6,206.7,113
E06000039,Slough,17,79,2,0,0,1,4,39.8,49,0.1,350,5.2,10.8,78.5,301.1,5,5.8,0,20,0.8,1.2,9.3,19.8,1495,3400,5645,9851,25745,89,239.9,145.8,194.5,274.7,403.4
E08000029,Solihull,69,25,0,0,1,2,5,42.9,59,0.1,350,5.7,11.5,89,301.2,5,5.9,0.1,20,0.8,1.2,8.8,19.8,1062,4814,8615,16193,47725,125,178,105.6,140.6,201.4,304.1
E06000045,Southampton,28,66,3,0,0,1,6,39,52.7,0.1,350,6.2,12,88.3,304,3,5.3,0.1,20,0.8,1.1,8.9,19.7,872,4584,12768,23035,46054,161,214.4,137.8,180.2,244.1,420.9
S12000028,South Ayrshire,48,39,0,1,2,5,11,18.9,32.7,0.1,350,5.8,11.8,67.7,302.3,1.2,4.7,0.1,20,0.8,1.3,10.3,19.4,1245,3849,9234,13947,16773,22,172.2,97.2,132.9,237.5,459.7
E07000006,South Bucks,57,28,1,0,2,4,15,22.1,35.1,0.2,350,5.6,12.7,63.9,302.2,2,5.7,0.1,25,0.9,1.5,11.3,19.4,596,1929,3792,8448,11286,23,188,105.3,148.5,238.8,330.5
E07000012,South Cambridgeshire,71,23,8,0,1,2,7,39.1,48,0.2,350,4.9,12,76.1,306.8,5,6,0,50,0.7,1.4,9.4,25.3,1862,4785,5688,12333,30964,81,151,68.7,107.1,184.8,329.1
E07000039,South Derbyshire,83,3,0,1,3,5,13,22.4,30.6,0.1,350,4.8,10.5,54.7,318.8,2,5.6,0.1,20,0.8,1.3,10.6,18.1,1567,4544,4733,8541,16182,8,185.2,98.5,134.1,245.9,168.7
E06000033,Southend-on-Sea,43,52,0,0,0,0,5,38.3,50.7,0.2,350,6.6,13.8,82.5,303.1,5,5.8,0.1,20,0.9,1.3,9.7,19.8,498,1935,7464,21855,35925,147,203,118.1,175.6,226.5,339.1
E06000025,South Gloucestershire,34,60,2,1,1,2,6,45.5,60.5,0.1,1000,5.4,11.1,91.1,321.4,5,5.9,0.1,1000,0.8,1.3,8.7,44.8,2290,6953,11153,18490,61031,234,168.6,98.3,135.7,188.9,280.1
E07000044,South Hams,74,4,1,1,4,10,22,18,25.5,0.2,300,5.2,12.1,55.2,300,1.2,4.3,0.1,20,0.7,1.2,10.9,20,1748,3964,6242,13953,11714,3,120.9,60.9,92,183.9,225.9
E07000140,South Holland,80,1,1,1,4,7,19,17.2,23.2,0.2,80,5.4,12.2,48.6,0,1.2,4.3,0,20,0.8,1.3,11,0,1133,3161,5301,11752,9302,0,174,94.2,136.3,259.8,0
E07000141,South Kesteven,89,1,1,1,2,4,10,25,38,0.2,1000,5.3,11.5,66.3,565.5,3,5.8,0,1000,0.7,1.3,10.1,391.7,1702,4733,7714,13716,25560,29,170.2,89.9,126.1,217.9,179.7
E07000031,South Lakeland,81,3,3,2,4,7,15,17.4,30.2,0.1,1000,5.6,11.5,50.3,1000,1.2,10.7,0.1,1000,0.7,1.2,11,1000,1797,4249,8936,13963,14955,256,124.7,58.8,92.4,187,148.7
S12000029,South Lanarkshire,35,56,0,1,2,4,9,36.6,52.4,0.2,350,5.4,11.3,89.1,302,3.2,5.3,0,50,0.8,1.2,9,19.9,3398,9800,16197,29242,64347,250,191.8,120.2,162.9,217.5,331.8
E07000149,South Norfolk,78,1,0,2,5,9,20,17.7,25.4,0.1,300,5.1,11.3,52.8,300,1.2,4.7,0,20,0.7,1.3,11,20,2359,6090,8584,16458,17224,5,147.6,76.9,109.3,221.3,77
E07000155,South Northamptonshire,80,6,6,1,3,5,13,20.9,29.1,0.2,1000,5.1,11.9,51,1000,1.3,6.7,0.1,1000,0.8,1.3,11.7,1000,1236,3317,4437,10027,13701,29,164,80.1,121.7,222.2,0.1
E07000179,South Oxfordshire,65,26,5,1,2,3,9,23.8,40.7,0.1,1000,5.4,12.8,62.5,933.2,2.4,10.9,0,1000,0.8,1.3,11.1,906.2,1285,3981,6122,16697,24678,282,174.4,84.4,121.5,235.9,34.3
E07000126,South Ribble,33,62,0,0,0,1,5,39.8,49.3,0.2,350,5.4,11.2,79.8,302.9,5,5.7,0.1,20,0.8,1.3,9.2,19.5,934,3134,5485,9177,22999,51,170.2,98.4,133,200,254.6
E07000189,South Somerset,86,0,0,1,4,6,14,17.8,23.9,0.2,80,5,11.8,49.6,0,1.2,4.4,0,20,0.8,1.2,11,0,2362,7448,9208,21517,19129,0,150.3,77.1,113.6,227.1,0
E07000196,South Staffordshire,86,1,0,1,3,5,13,19.7,27.4,0.2,300,5,11.6,51.4,300,1.2,5.2,0.1,20,0.8,1.3,11.1,20,1834,3679,5351,12142,15144,1,163.8,85,121.1,228.3,156.4
E08000023,South Tyneside,94,0,0,0,1,2,6,40,61.2,0.1,300,5.1,9.9,96,300,5,5.2,0.1,20,0.8,1.1,7.9,20,1347,5217,6289,8630,31116,110,181.4,122.5,151.2,201.7,322.3
E09000028,Southwark,62,25,10,0,0,3,13,18.5,37.6,0.1,350,5.9,12,76.3,304.6,1.2,4.5,0,20,0.8,1.1,9.7,19.5,1831,7815,17862,39264,43409,109,206.5,152,191.8,228.6,252.5
E07000213,Spelthorne,16,81,25,0,0,1,3,26.2,49,0.2,350,5.9,11.1,87.2,304.3,3,5.5,0,20,0.9,1.2,10,19.8,595,2770,5962,8789,17547,70,195.8,121.5,150.7,240.9,443.9
E07000197,Stafford,34,55,1,1,2,4,10,39.2,49.9,0.1,350,5.2,10.5,82,303.6,5,5.6,0.1,20,0.8,1.3,9.1,19.6,1630,4795,6937,9283,27040,98,158.4,90.9,113.3,195.3,308.1
E07000198,Staffordshire Moorlands,63,25,0,1,3,6,12,20.4,35,0.2,350,5.6,12.8,68,302,1.3,4.7,0.1,20,0.8,1.3,9.8,20,1055,2375,4928,12462,13885,25,163.3,74.9,128.7,214.5,221.2
E07000240,St Albans,48,46,0,0,0,1,6,40,56.9,0.1,350,5.6,12.2,85.5,304.3,5,6.3,0,20,0.8,1.3,9.5,19.7,864,3141,5819,11757,32955,105,173.5,101.5,134.9,198.2,241.8
E07000204,St Edmundsbury,87,0,0,1,2,4,13,21.2,27.8,0.1,80,5.3,11.5,49.8,0,1.4,5.7,0.1,20,0.8,1.4,11.4,0,1372,4261,6410,11865,17733,0,175.6,86.5,130.3,235.8,0
E07000243,Stevenage,66,31,0,0,0,0,2,50,70.1,0.2,350,5.3,9.9,94.4,301,6,6.4,0,20,0.8,1.2,8.5,19.9,460,2313,3235,3600,22976,102,193,128.9,163.6,204.7,301.7
E08000013,St. Helens,15,78,0,0,2,4,7,40,59.6,0,350,5.3,9.8,100.6,301.9,3,4.8,0.1,20,0.8,1,8,19.9,1761,6542,9745,12337,36188,135,178.7,125.3,155.9,197.2,332.3
S12000030,Stirling,84,0,0,2,4,8,16,17.7,24.3,0.1,80,5.8,11.9,49.4,0,1.2,4.6,0,20,0.7,1.2,11.1,0,1086,3148,7199,11920,11574,0,202.9,98.8,139.6,329.3,0
E08000007,Stockport,22,76,0,0,0,0,2,40,60.1,0.1,350,6.1,12.4,91.8,302.1,5,5.9,0.1,20,0.8,1.2,9,19.8,997,4999,12240,25926,64622,280,186.9,109.4,146.6,213.5,344.8
E06000004,Stockton-on-Tees,31,63,0,0,2,3,7,50,64.6,0.2,350,5,10.2,97.6,303.3,5,5.2,0.1,20,0.8,1.1,7.7,19.6,1642,6510,7638,11238,43336,182,173.9,131.2,158.3,183,286.8
E06000021,Stoke-on-Trent,27,71,0,0,0,0,2,40,56.6,0.1,350,5.6,10.4,88.7,302.7,5,5.4,0,20,0.8,1.2,8.3,19.7,1517,7007,11686,15989,50725,203,202.1,123.8,160.4,230.6,486.4
E07000221,Stratford-on-Avon,71,12,1,1,3,6,17,20.5,31.9,0.2,300,5.3,12.1,61.3,300,1.2,5.2,0,36,0.8,1.3,10.9,20,1813,4857,7579,16101,20217,23,144.4,74.3,109.8,195.2,326.9
E07000082,Stroud,75,5,2,1,3,6,19,16.6,29.5,0.1,1000,5.4,11.2,55.1,987.8,1.2,8.4,0,1000,0.8,1.2,11.2,982.9,1632,5172,8212,14756,14925,172,153.6,85.1,119.1,224.1,3.8
E07000205,Suffolk Coastal,67,14,1,1,3,7,18,19.6,30.5,0.1,300,5.4,11.6,60.3,300,1.2,5,0,20,0.7,1.3,10.7,19.7,1718,5419,8641,15341,19459,19,145.1,74.5,108.7,202.4,241.1
E08000024,Sunderland,47,49,0,0,0,1,4,36.6,46.6,0.1,350,5.3,10.9,77.3,301.4,4.4,5.5,0.1,20,0.8,1.3,9.3,19.9,2325,9078,13149,21439,52238,142,209.2,114.9,162,249.8,422.7
E07000214,Surrey Heath,37,58,0,0,0,1,5,40,59.2,0.2,350,5.3,12,85.4,302.5,6,6.9,0.1,20,0.8,1.4,9.9,19.7,540,2125,2969,6535,21326,79,197.2,101.8,149.3,223.7,300.4
E09000029,Sutton,22,76,2,0,0,1,2,40,59.8,0.2,350,6,12.5,89.9,301.5,5,6.2,0,20,0.9,1.3,9.2,19.8,732,3323,7555,16764,43533,165,188.1,129.1,167.6,203.5,188.9
E07000113,Swale,65,27,1,0,1,3,8,24,39.7,0.1,350,5.6,12.2,69.3,301.9,3,5.8,0,20,0.8,1.3,10.6,19.5,1209,3493,6680,15022,24147,53,206.2,114.2,161.8,254,358.4
W06000011,Swansea,67,29,2,0,1,1,3,40,56.4,0.1,350,5.5,12,89.6,303.4,5,5.5,0,49.2,0.8,1.2,8.6,19.8,1643,5536,9901,20688,49370,176,184.9,118,159,203.9,371.9
E06000030,Swindon,18,70,3,0,1,1,12,37.6,54.2,0.1,350,5.6,11.8,93.3,301.6,3,5.2,0,50,0.8,1.1,8.9,19.8,1261,6197,9923,21587,41232,183,202.9,131.7,179,224.3,437.5
E08000008,Tameside,84,12,0,0,0,0,4,23.2,39.5,0,350,6.4,11.9,70,304.5,2,5.4,0,20,0.9,1.3,10,19.2,920,4378,14735,22718,38553,33,234.9,136.7,179.5,295.8,336.8
E07000199,Tamworth,23,76,0,0,0,0,1,40,55.4,0.1,300,5.6,11,83.7,300,5.5,6.2,0.1,20,0.8,1.2,9.4,20,579,1695,3375,5385,16910,48,207.3,115.6,153.1,241.3,537.9
E07000215,Tandridge,60,29,3,0,2,3,10,27.3,41.6,0.1,350,5.5,12.6,72,301.7,3.3,5.8,0.1,20,0.8,1.5,10.2,19.8,703,2430,4325,9203,15676,29,172.4,94.1,135.4,211.1,243.4
E07000190,Taunton Deane,82,2,2,1,4,6,16,15.2,23.1,0.1,80,5.2,10.2,48.5,0,1.2,4.6,0.1,20,0.8,1.3,11.1,0,1507,6303,8523,11253,14049,0,163,94.6,121.9,242.6,0
E07000045,Teignbridge,58,26,0,1,3,6,16,18.3,32.4,0.1,350,5.5,12,71.2,304.5,1.2,4.1,0,20,0.8,1.2,9.5,19.5,1462,4603,8453,16413,16047,44,146.8,80.4,117.6,202.1,265
E06000020,Telford and Wrekin,24,69,0,0,1,3,7,40,52.7,0.2,350,5.7,12.3,85,301.4,3,5.3,0,20,0.8,1.2,8.6,19.7,1043,3677,6899,16759,34677,110,202.8,119.4,169.4,229.2,417.8
E07000076,Tendring,85,0,0,1,3,5,15,18,24,0.1,80,5.1,11.7,48.6,0,1.2,4.5,0,20,0.8,1.3,11,0,2177,6436,8684,18436,17832,0,178.1,99.7,138,258,0
E07000093,Test Valley,30,52,5,1,4,7,17,22.6,43.1,0.2,350,5.5,10.8,80.3,302.4,2,5.3,0.1,20,0.8,1.2,9.9,19.6,1377,4698,8110,10825,21311,82,175.3,92.7,119.6,239.5,338.6
E07000083,Tewkesbury,45,36,3,1,5,8,19,19.3,42,0.1,1000,5,11.1,83.5,604.7,1.2,5.9,0.1,1000,0.8,1.2,9.5,442.8,1314,3718,4528,9912,13241,95,154.6,89.8,121.8,202.6,140.5
E07000114,Thanet,96,0,0,0,0,1,4,19.3,26.6,0.1,80,5.8,12.9,49.6,0,1.2,5.1,0.1,20,0.9,1.4,11.3,0,1019,3677,7602,19950,19256,0,387.9,121.2,294,543.9,0
E07000102,Three Rivers,30,64,0,0,1,2,6,40,59,0.2,350,5.1,10.1,88.7,302.4,6,6.5,0.1,20,0.8,1.5,9.5,19.5,920,3071,4187,4795,20711,84,226.1,107.8,138.5,280,313.4
E06000034,Thurrock,27,66,3,0,1,3,7,39.8,54.3,0.1,350,5.2,11.4,89.4,300.4,5,5.8,0,20,0.8,1.3,9.4,20,1814,4544,6811,13486,31899,120,232.3,129.4,185.1,271,319.5
E07000115,Tonbridge and Malling,65,25,2,1,2,4,10,28.1,45.6,0.1,1000,5.3,12,77.7,673.3,3,6.7,0.1,1000,0.8,1.3,10,542.7,1249,3657,5629,12743,22654,90,168.2,97.1,140.4,200.6,20.9
E06000027,Torbay,54,36,0,0,0,1,10,20,37.6,0.1,350,6.4,13.8,75,306,1.2,4.4,0,20,0.9,1.3,9.5,19.4,520,2497,7292,21690,19938,67,179.9,108.6,154.4,219.8,398.8
W06000020,Torfaen,93,2,2,0,1,2,5,20.3,36.1,0.1,300,5.4,9.8,68.2,300,1.3,5.1,0,20,0.8,1.2,9.8,20,1066,3561,6136,6588,14172,12,216.2,133.7,165.3,277.1,503.9
E07000046,Torridge,77,3,3,4,8,12,19,17.1,23.9,0.2,80,4.8,10.6,50.9,0,1.2,4.5,0.1,20,0.7,1.1,11.3,0,1795,3575,4274,7538,8393,0,150.9,65.4,106.5,240.4,0
E09000030,Tower Hamlets,45,45,28,0,0,1,10,15.8,26.9,0.2,350,6.4,12,61,308.5,1.1,4.3,0,20,0.8,1,11.8,18.7,1230,6479,20280,38320,28626,47,224.9,154,196.7,288.5,589.5
E08000009,Trafford,63,35,1,0,0,1,2,40,51.9,0.2,350,5.9,12.1,81.1,304.2,5,6.1,0,20,0.8,1.3,9.7,19.6,1112,4445,10008,21009,48909,107,184.1,115.6,154.1,205.8,343.2
E07000116,Tunbridge Wells,87,0,0,1,2,4,11,22.3,37,0.2,300,5.7,11.8,67.5,300,2,5.7,0.1,20,0.8,1.3,10.8,20,1012,3216,6955,11574,18777,4,171.4,97.6,133,217.3,160.8
E07000077,Uttlesford,57,10,0,2,6,14,31,17.4,28.8,0.2,350,5.2,11.8,65.1,305.6,1.2,4.3,0.1,20,0.8,1.2,10.8,19.4,1367,3586,5434,11853,10337,9,159.5,95.7,128.7,224.8,254.5
W06000014,Vale of Glamorgan,90,2,2,1,2,4,8,33.7,45.3,0.1,300,5.4,11.7,76.9,300,3,5.6,0,20,0.8,1.2,9.8,20,1362,3431,6299,12253,24672,16,194,111.9,149.9,235.6,189.4
E07000180,Vale of White Horse,40,53,9,0,1,3,7,34.2,50.6,0.1,1000,5.4,11.8,73.3,897.2,5,13.1,0.1,1000,0.8,1.3,10.1,855.6,1180,3775,6109,11583,24683,387,160.3,85.9,124,195.3,41.1
E08000036,Wakefield,62,31,0,0,1,2,7,21.3,35.5,0.1,350,5.3,11.1,65.7,303.3,1.3,5,0,30,0.8,1.3,9.7,19.7,3666,12657,18446,33152,53993,106,197.1,116.1,156.5,247.6,324.1
E08000030,Walsall,81,15,0,0,0,2,4,37.3,48.3,0.2,350,6,11.6,81,300.4,3,5.1,0.1,20,0.8,1.2,8.6,20,1199,5783,13261,22465,47140,112,196.8,139.9,177.4,219.2,161.4
E09000031,Waltham Forest,14,82,20,0,0,1,3,40,55.9,0.1,350,6.7,12.1,90.1,303.3,3,5.3,0.1,20,0.9,1.1,8.5,19.5,693,3126,13355,22912,49908,242,226.4,159.4,202,245.1,386.9
E09000032,Wandsworth,65,29,9,0,0,1,6,21.4,41.4,0,350,6.2,12.5,74.5,303.5,1.3,5.3,0,50,0.8,1.1,10,19.8,1151,6050,16047,37950,52508,108,202.1,135.9,172.3,236.3,221.5
E06000007,Warrington,33,63,0,0,0,1,4,40,53.4,0.1,350,5.4,11.4,83,301.9,5,6,0,20,0.8,1.3,9.4,19.8,1852,5455,9111,16771,45554,182,185.6,110.2,145.1,214.1,342.2
E07000222,Warwick,45,49,0,0,2,3,6,40,50.6,0.2,350,5.2,11.3,78.3,301.2,5,6.3,0.1,20,0.8,1.3,9.8,19.9,1231,4352,5660,11431,31595,82,174.4,98,126.5,207.9,340.4
E07000103,Watford,36,62,1,0,0,0,2,50,61.5,0.2,350,6.2,11.7,90.5,303.9,5,6.2,0,20,0.9,1.2,9.1,19.6,287,1514,4579,6882,22078,90,208.5,147.2,180.5,224.5,317.7
E07000206,Waveney,89,2,2,1,1,3,9,22.2,28,0.2,80,4.8,11.2,49.2,0,2,5.7,0.1,20,0.7,1.3,11.1,0,2272,4665,5521,11488,19090,0,176.5,78.8,120.1,246.3,0
E07000216,Waverley,78,10,2,1,2,3,12,25.2,33.3,0.2,350,5.4,12.1,56.6,306.3,4.4,6.2,0.1,20,0.8,1.5,11.4,19.4,1187,3987,6416,13158,22282,16,189.1,89.8,149.2,235.3,16.8
E07000065,Wealden,85,4,4,1,2,4,11,19.3,26.6,0.1,80,5.6,12.5,50.4,0,1.2,5.2,0.1,20,0.8,1.4,11.4,0,1647,4644,9181,20849,21495,0,161.6,81.7,120.9,229.4,0
E07000156,Wellingborough,47,49,0,0,0,1,4,38.2,49.2,0.1,350,5.3,12.3,81.4,301.5,4.7,5.7,0,20,0.8,1.2,9.6,20,822,2052,3241,7965,15867,34,197.2,102.9,160.3,229.1,360.8
E07000241,Welwyn Hatfield,88,5,1,0,1,1,6,40,57,0.1,350,5.3,10.8,88,302,5,6.1,0.1,20,0.8,1.3,9.3,19.8,961,3286,4976,7597,24898,25,194.2,127.1,152.1,222.1,310.4
E06000037,West Berkshire,35,61,21,0,0,1,4,22.6,44,0.2,1000,5.5,12.2,72.2,873.7,2,10.4,0,1000,0.8,1.3,10.6,822.6,1544,4917,8253,18047,27028,348,175.8,94.2,136.4,224.5,72.9
E07000047,West Devon,70,1,1,4,10,17,29,14.6,21.8,0.1,80,5.4,11.1,51.3,0,1.1,3.9,0,20,0.7,1.1,11.2,0,1075,2582,4708,7301,5728,0,128.2,67.4,98.3,208.7,0
E07000052,West Dorset,82,3,3,1,4,7,15,18,25.4,0.2,80,5.2,11.4,51.5,0,1.2,4.9,0,20,0.7,1.2,11.4,0,1965,4415,7109,13027,14191,0,124.5,58.9,93,182.6,0
S12000039,West Dunbartonshire,11,86,0,0,0,1,3,50,71.2,0.2,350,6.2,12.3,105.5,301.2,5,5.6,0.1,20,0.9,1.1,8.2,19.9,371,1349,3935,7938,22632,121,186.5,141.1,182.6,187.5,417.7
E07000127,West Lancashire,85,3,3,1,3,5,12,18.8,25.9,0.1,200,5.2,12.1,49.7,0,1.2,4.9,0.1,20,0.8,1.2,11.1,0,1307,4078,6014,14337,15049,0,192.8,110.8,145,273.8,0
E07000142,West Lindsey,74,11,0,3,5,7,14,22.4,32.9,0.2,350,5.3,11.5,58.5,302.8,2,5.6,0.1,20,0.7,1.3,10.6,20,1287,2985,5105,9237,15332,18,157.4,73.9,115.1,207.6,564.6
S12000040,West Lothian,62,28,1,0,1,2,11,20.7,41.7,0.1,350,5.6,12.1,80.8,302.4,1.3,4.8,0.1,20,0.9,1.2,9.5,19.8,1350,5833,10215,21845,29238,82,378.8,138.9,225,584,373.3
E09000033,Westminster,71,14,11,0,0,0,15,17.9,23.7,0.2,350,6.8,15,58.4,316.7,1.1,3.5,0,20,0.9,1.1,13.1,18.3,933,3070,14761,63784,20640,6,170.3,104.7,148.7,253.1,144.2
E07000181,West Oxfordshire,60,29,2,1,3,5,10,24.9,39.6,0.2,1000,5.6,12.3,65.9,844.4,3.2,7.7,0,1000,0.8,1.4,10.9,782.2,1051,3024,6062,11701,19956,90,156.9,82.1,115.5,201.9,74.3
E07000191,West Somerset,82,2,2,3,6,9,15,14.8,22.9,0.2,80,4.9,10.3,53.9,0,1.2,4.4,0,20,0.8,1.1,11.9,0,839,2251,2792,4179,4083,0,108.6,57.7,79.9,178.2,0
E07000053,Weymouth and Portland,96,0,0,0,0,0,3,20.1,28.5,0.2,80,6.1,12.4,50.7,0,1.3,5.6,0.1,20,0.9,1.3,11.5,0,331,1694,3954,8217,10213,0,189.7,114.8,151.9,241.7,0
E08000010,Wigan,22,76,0,0,0,1,2,40,58.6,0.1,350,5.8,11.9,91.4,301.6,4.8,5.3,0.1,20,0.8,1.2,8.2,19.8,1719,6661,13908,25497,66812,213,184.5,122.9,163.8,198.8,304.7
E06000054,Wiltshire,80,8,1,1,2,4,12,22.4,38.1,0.1,1000,5.5,12.2,69.3,307.9,2,5.4,0,1000,0.8,1.3,10.2,29,4890,14715,26340,55667,83596,108,166.5,88.1,130,211.6,210.3
E07000094,Winchester,54,25,1,1,4,8,21,21,37.2,0.2,350,5.2,11.4,71.2,305.4,1.3,5.1,0,20,0.8,1.3,10.1,19.3,1643,4948,6752,12880,19589,46,163.8,83.8,117.3,225,258.8
E06000040,Windsor and Maidenhead,37,53,3,0,1,2,10,27.8,41.5,0.1,350,5.2,11.6,72.1,301.5,4.2,5.9,0,20,0.8,1.5,10.5,19.9,1305,5107,6903,13399,25727,65,205.4,102.7,149.8,261.7,434.4
E08000015,Wirral,78,17,0,0,0,1,4,23.5,44.7,0.1,350,6.1,12.4,79.9,301.3,2,5.1,0,20,0.9,1.3,9.2,19.9,1663,6647,17135,36985,56679,79,192.7,116.4,163,224.8,347.4
E07000217,Woking,21,76,2,0,0,0,3,47.9,61.4,0.1,350,6,12.1,89.2,302.3,6,6.5,0.1,20,0.8,1.3,9.4,19.6,431,1816,4359,7618,24392,108,187.3,115.5,155,205.2,339.2
E06000041,Wokingham,35,55,2,0,1,2,10,40,50,0.2,350,5.4,12.2,77.7,301,5.2,6.4,0.1,20,0.8,1.4,10.1,20,1192,3864,6060,14569,34187,105,190.1,98.3,143.3,224.4,335.5
E08000031,Wolverhampton,13,85,0,0,0,0,2,40,57.8,0.2,350,6.2,12,91.2,304.5,3,4.9,0,20,0.9,1.2,7.6,19.4,793,3812,10940,19384,46648,188,209.5,148.4,188.1,224.8,356.1
E07000237,Worcester,97,0,0,0,0,0,2,27.4,29.9,0.1,80,5.2,9.7,50.8,0,3.7,6.4,0,20,0.8,1.2,11.8,0,1104,4769,6189,6968,18398,0,207.4,122.2,146.7,269.7,0
E07000229,Worthing,16,83,1,0,0,0,1,50,62.7,0.2,350,6.6,13,92.6,302.7,5,6,0,20,0.9,1.3,8.9,19.8,244,1215,4418,10273,25874,132,178.6,103.4,150.4,195,369.6
W06000006,Wrexham,87,2,2,1,2,4,10,18.4,25.9,0.2,80,5.4,10.8,49.2,0,1.2,5.2,0,22,0.8,1.3,11.1,0,1613,5382,8524,12779,18418,0,193.7,102.3,143.4,269.8,0
E07000238,Wychavon,85,1,1,1,3,4,12,19.6,26.9,0.1,300,5.1,11.3,50.5,300,1.2,5.4,0,20,0.8,1.4,11.5,20,1930,5288,7217,13956,18778,2,158.4,81,113.7,224.9,164.6
E07000007,Wycombe,73,18,1,1,2,3,9,22.5,33.4,0.1,350,5.4,11.5,59.6,301.9,2,5.7,0,20,0.8,1.4,10.9,19.8,1607,5749,9407,16196,27305,26,203.2,116.1,159.2,254.7,1465.6
E07000128,Wyre,87,5,4,0,1,2,8,18.8,26.5,0.1,1000,5.8,12.8,49.3,978.1,1.2,5.5,0.1,1000,0.8,1.3,11,969.4,782,3235,6412,15417,14169,32,166.8,85.6,132.9,228.2,109.8
E07000239,Wyre Forest,47,46,0,0,1,2,6,33.4,44.2,0.1,350,5.7,11.1,75,302.9,3,5.6,0.1,20,0.8,1.3,9.6,19.7,770,2983,5726,8617,19112,52,168.7,92.8,124.3,209.9,342.8
E06000014,York,42,50,13,1,1,2,8,23.9,102.9,0.1,1000,5.6,11.6,74.7,993.1,2.5,71.6,0,1000,0.8,1.2,9.6,990.3,1714,5854,10668,19845,34742,4851,167.9,99.3,139.2,203.6,298.1
