laua_code,laua_name,SFBB availability (% premises),UFBB availability (% premises),NGA availability (% premises),% of premises unable to receive 2Mbit/s,% of premises unable to receive 5Mbit/s,% of premises unable to receive 10Mbit/s,% of premises unable to receive 30Mbit/s,Median download speed (Mbit/s),Average download speed (Mbit/s),Minimum download speed (Mbit/s),Maximum download speed (Mbit/s),Average download speed (Mbit/s) for lines  < 10Mbit/s,Average download speed (Mbit/s) for Basic BB lines,Average download speed (Mbit/s) for SFBB lines,Average download speed (Mbit/s) for UFBB lines,Median upload speed (Mbit/s),Average upload speed (Mbit/s),Minimum upload speed (Mbit/s),Maximum upload speed (Mbit/s),Average upload speed (Mbit/s) for lines <10Mbit/s,Average upload speed (Mbit/s) for Basic BB lines,Average upload speed (Mbit/s) for SFBB lines,Average upload speed (Mbit/s) for UFBB lines,Number of connections < 2 Mbit/s  (number of lines),Number of connections 2<5 Mbit/s  (number of lines),Number of connections 5<10 Mbit/s  (number of lines),Number of connections 10<30 Mbit/s  (number of lines),Number of connections >= 30 Mbit/s  (number of lines),Number of connections >= 300 Mbit/s  (number of lines),Average data usage (GB),Average data usage (GB) for lines <10Mbit/s,Average data usage (GB) for Basic BB lines,Average data usage (GB) for SFBB lines,Average data usage (GB) for UFBB lines
E07000114,Thanet,96,0,99,0,1,1,4,16.4,23.2,0.2,80,5.8,12.3,51.4,0,1.1,3.5,0.1,20,0.9,1.2,11,0,1217,4333,9132,19845,13383,0,162.1,98.9,137.7,219.4,0
E07000223,Adur,99,0,99,0,0,0,1,39.9,54.3,0.2,300,6.4,13.6,88.5,300,3,4.5,0.1,20,0.9,1.2,7.4,15,209,838,2647,6906,12563,10,129.7,88.1,118,141.4,519.2
E07000224,Arun,94,0,99,0,1,2,6,15.3,23.1,0,100,5.9,11.4,51,0,1.1,3.5,0,20,0.9,1.2,10.8,0,1237,5940,12429,19320,16452,0,129.2,84.9,109.1,170.1,0
E07000170,Ashfield,97,0,98,0,1,2,3,40,53.3,0.2,300,5.5,11.4,85.9,300,3,4.2,0,20,0.8,1.1,6.8,12.5,873,3305,5261,9374,24189,2,129.1,79.4,103.1,152,314
E08000026,Coventry,91,0,92,0,1,3,9,19.9,40.7,0.2,300,6,11.2,79.8,300,1.2,3.7,0,20,0.8,1,7.5,15,1630,8596,20253,29618,45210,4,163.9,115.5,144.2,190.4,196.5
E07000105,Ashford,83,0,94,1,4,9,16,17.4,35,0.1,300,5.1,9,73,300,1.1,4.2,0,20,0.7,1.1,9,13,2619,6315,9027,7958,17461,51,132.5,81.6,97.4,181.9,626.4
E07000163,Craven,82,2,95,3,5,9,16,16.9,30.8,0.1,1000,5.5,12.3,51.7,1000,1.1,3.1,0,20,0.7,1.1,10.3,0,961,2055,4120,8552,5310,188,90.3,49,71.9,142.2,0
E07000037,High Peak,83,0,93,1,4,6,17,16.1,21.6,0.1,80,5.3,12.1,50.8,0,1.1,2.9,0,20,0.8,1.1,10.7,0,1408,3671,5673,13587,7902,0,116.6,67.2,89.7,194.1,0
E07000004,Aylesbury Vale,80,5,89,1,4,9,16,19.3,42,0.1,1000,5.3,10.6,69.5,360,1.2,4,0,20,0.8,1.1,9.3,14,2675,8157,12349,17311,26767,1832,126.6,81.1,100.2,167.5,255.8
E07000226,Crawley,98,1,100,0,0,0,1,40,52.1,0.1,300,5.3,9.4,77.5,300,3,4.7,0.1,20,0.8,1.1,7.2,15,1075,3260,4967,5496,23346,169,159.7,109.4,124.9,182.6,185.3
S12000033,Aberdeen City,89,0,92,0,1,2,11,15,22.7,0,80,6,11.8,52.7,0,1.1,3.4,0,20,0.9,1.2,11.3,0,1998,7925,19017,35948,23502,0,126.6,75,98.1,197.5,0
E07000032,Amber Valley,87,0,96,1,2,4,13,14.7,21.5,0.1,200,5.6,11.4,51.4,0,1.1,3,0,20,0.8,1.2,10.4,0,1231,5193,9286,15343,10513,0,116.7,66.3,90.2,188.5,0
S12000034,Aberdeenshire,69,0,82,5,10,18,31,12.7,19.2,0.1,80,5.7,11,50.5,0,1.1,3,0,20,0.7,1.1,10.9,0,5356,11297,26936,33792,20240,0,106.8,66.5,85.1,183.1,0
S12000041,Angus,73,0,80,2,5,13,27,15,24.6,0.1,300,5.8,11.8,66.9,300,1.1,2.9,0,20,0.8,1.1,9.4,15,1609,4335,10454,17165,10154,2,121.6,75.4,106.6,168.9,413
N09000001,Antrim and Newtownabbey,88,0,99,2,4,5,11,21,37.9,0.1,300,5,10.7,72.1,300,1.2,4.3,0.1,20,0.8,1.1,8.9,13.8,2129,5023,7012,11782,20548,4,129,74.6,94.6,171.6,471.7
E07000026,Allerdale,83,0,91,3,7,10,16,15.4,20.9,0.1,80,4.9,11.3,52,0,1.1,3,0,20,0.7,1,10.8,0,2525,4498,6209,13429,8192,0,112.6,58.7,92.3,175,0
S12000035,Argyll and Bute,54,0,61,4,8,27,46,8.1,14.6,0.2,80,6.1,9.6,51.2,0,1,2.2,0,20,0.6,1,10.7,0,2120,5050,16216,9991,4546,0,82.4,57.5,70.6,166.2,0
N09000002,"Armagh, Banbridge and Craigavon",79,0,97,3,6,9,20,16.5,24.7,0,80,4.9,10.5,52.5,0,1.1,3.8,0,20,0.8,1.1,10.7,0,4261,7692,10810,18261,20946,0,129.9,73.8,94.5,189.8,0
E09000017,Hillingdon,95,0,95,0,1,2,5,30,46.7,0.1,300,5.8,11,81.9,300,1.3,4.3,0,20,0.8,1.1,7.9,13.9,1653,7475,15112,22089,46939,22,148.1,91.5,107.1,186.6,570.9
E07000134,North West Leicestershire,92,0,97,1,2,3,8,24,44.4,0.1,300,5,11.6,80,300,1.3,4.2,0.1,20,0.8,1.2,7.8,13.5,1081,3439,4232,9181,16415,10,124.6,73.1,100.1,149.8,679.7
E07000200,Babergh,77,3,91,3,5,10,20,14.8,22.7,0,200,5.2,10.7,53.1,0,1.1,3.5,0,20,0.7,1.2,10.3,0,2180,4223,6748,10032,9159,0,108.1,62.7,85,161.7,0
E09000008,Croydon,91,4,96,0,0,1,5,20.9,42.8,0.1,300,6.2,12.4,79.8,300,1.2,3.8,0,20,0.9,1.1,7.3,15,1598,6944,20061,40648,57024,19,149.3,97.8,125.3,178.6,449.9
E07000132,Hinckley and Bosworth,92,0,96,1,2,5,8,21.2,41.2,0.2,300,5.2,10.8,78.5,300,1.2,4.1,0.1,20,0.8,1.1,8.1,15,1326,4485,6166,9913,17850,5,121.6,75.7,98.3,149.5,519.5
E07000148,Norwich,97,0,97,0,0,1,3,33.6,48,0,300,6,11.4,79.6,300,2,4.2,0,20,0.9,1.1,7,15,626,3547,7873,11886,27798,1,143,100.5,119.8,162.8,247.5
E09000002,Barking and Dagenham,95,3,98,0,1,1,2,22.7,42.8,0.1,300,5.6,9.9,77.1,300,1.3,3.8,0,20,0.8,1,6.9,15,1213,6125,10929,12125,29122,1,191.7,149.6,173.6,213.5,513.2
E07000240,St Albans,92,0,94,0,0,2,8,38.4,47.3,0.2,300,5.6,11.8,77.1,300,3,4.6,0,20,0.8,1.2,7.7,15,1022,3805,6945,12219,28630,1,123.9,83,101,142.5,44
E07000096,Dacorum,89,0,93,0,2,5,11,26.9,43.8,0.1,300,5.3,11.3,76.9,300,1.6,4.2,0,20,0.8,1.1,7.6,15,1535,5092,7588,13245,26822,4,132,88.9,109.9,154.3,511.2
E07000227,Horsham,85,2,98,1,3,5,13,17.6,26,0.1,200,5.4,11.1,52.9,0,1.1,4.2,0,20,0.8,1.2,11,0,2011,5551,9599,14884,17763,0,115.8,63,86.6,164.6,0
E06000018,Nottingham,94,2,96,0,0,1,4,40,51.6,0.2,300,5.9,11.5,84.1,300,3,3.9,0,20,0.8,1,6.4,12.1,1401,6517,14372,22651,55398,19,146.8,96.3,113.6,175.5,266.1
E09000003,Barnet,92,2,96,0,0,1,6,18.8,33.4,0.1,300,6.1,11.6,66,300,1.1,4.1,0,20,0.9,1.2,9.8,15,1663,8966,23793,36952,47690,6,160.5,108.2,127,206.2,327.6
E07000204,St Edmundsbury,84,0,93,1,3,7,16,15.7,23.8,0.1,80,5.3,10.7,51.1,0,1.1,3.9,0.1,20,0.8,1.2,11,0,1638,5350,8111,11532,12730,0,128.9,72.6,102.3,178.2,0
E06000005,Darlington,92,0,93,1,3,4,8,39.8,51.4,0.1,300,4.9,9.7,87.8,300,3,4,0.1,20,0.8,1,6.8,13.8,1470,4308,4954,6853,20164,4,112.2,68.1,80.1,141.5,388
E09000018,Hounslow,93,3,96,0,0,2,4,34.9,47.8,0.1,300,5.8,10.4,81.9,300,2,4.3,0,20,0.8,1,7.5,14.3,1466,6891,14668,18131,44992,23,158.4,99.5,115.7,196.2,323.9
E07000219,Nuneaton and Bedworth,97,0,99,0,0,1,3,35,48.3,0,300,5.4,10.3,82.3,300,2,4.4,0,20,0.8,1.1,7.7,15,932,4322,6285,8740,22701,1,144.2,97.3,122.6,164.2,31.1
E08000016,Barnsley,82,0,84,1,4,8,18,16.2,31.3,0.1,300,5.2,10.1,70.4,300,1.1,3.3,0.1,20,0.8,1,7.8,15,3236,11240,15320,21347,27720,1,124.3,77.5,95.8,177.4,2452.3
E07000243,Stevenage,99,0,99,0,0,0,1,50,57.4,0.2,300,5.2,9.6,84.7,300,3,4.8,0.1,20,0.8,1,7,15,579,2938,3798,3941,19694,1,145.6,108.5,126.2,159.1,796.5
E07000107,Dartford,91,2,96,0,1,3,7,17.3,38.9,0,300,5.4,10.4,71.4,300,1.1,3.9,0,20,0.8,1.1,9.3,12.5,1109,4328,6781,9818,13990,762,158,104.7,136.1,193.2,138.1
E07000011,Huntingdonshire,89,3,98,1,2,3,8,23.1,38.2,0.1,300,5.2,11.4,68.4,300,1.3,4.3,0.1,20,0.8,1.2,8.3,15,2322,6032,8892,16752,30129,1,131.4,80.1,110.3,154,167.9
E07000135,Oadby and Wigston,98,0,99,0,0,0,2,21.8,43.8,0.2,200,6.3,12.1,80.6,0,1.3,4,0.1,20,0.9,1.1,7.6,0,186,1151,3093,5561,8620,0,135.2,83.9,117.2,157,0
E07000027,Barrow-in-Furness,97,0,100,0,0,1,3,17.8,25.2,0.1,80,5.2,11.9,52.9,0,1.1,3.7,0,20,0.8,1.1,11.2,0,820,2702,3698,8540,7589,0,148.1,82.3,120.5,203.8,0
E08000013,St. Helens,90,0,91,1,2,5,10,20,47.5,0.1,200,5.2,9.4,90.5,0,1.3,3.5,0.1,20,0.8,0.9,6.5,0,2358,7718,11151,12802,30135,0,120,85.4,102.6,142.6,0
E07000151,Daventry,72,7,85,1,3,6,21,17.1,39.1,0.2,1000,5.2,11.4,52.7,1000,1.1,3.5,0.1,20,0.8,1.1,10.9,0,1419,3529,5334,10002,8903,463,124.3,74.6,99.4,177.4,0
E07000120,Hyndburn,96,0,98,0,0,1,4,20,38.1,0.1,300,5.2,11.1,74.8,300,1.2,3.8,0,20,0.8,1.1,8,12.5,712,2983,4074,7152,10925,2,130.5,68.7,97.4,175.6,122.6
E08000004,Oldham,97,0,99,0,0,1,3,27.4,40.4,0.1,200,5.3,9.4,71.8,0,1.3,4.1,0.1,20,0.8,1.1,7.5,0,2282,7774,12847,12466,34965,0,138.4,87.1,102.5,173.3,0
E07000066,Basildon,91,1,95,0,1,3,8,20.9,44.1,0.1,300,5.9,11.5,84.2,300,1.2,4.2,0.1,20,0.8,1.2,8.2,15,1151,5313,11435,18249,29280,1,159.2,103.4,140.5,183.8,333.9
S12000030,Stirling,76,0,83,2,4,10,24,13.8,20.2,0.1,80,5.8,11,50,0,1.1,3.1,0.1,20,0.8,1.1,10.4,0,1339,3777,8960,11411,7863,0,116.5,68.3,90.4,193.1,0
W06000004,Denbighshire,79,0,84,2,6,12,21,14.7,20.7,0.1,80,5.5,11.5,51.5,0,1.1,3,0.1,20,0.8,1.1,10.9,0,1432,3892,7281,12668,7469,0,121.9,65.8,98.1,196.6,0
S12000018,Inverclyde,87,0,89,0,1,2,13,30,51.9,0.2,300,5.8,12.7,90.6,300,2,4,0.1,20,0.8,1.1,7,15,468,1773,3698,8393,14479,3,121.7,83.8,100.6,146,232.8
S12000023,Orkney Islands,47,0,60,11,20,37,53,8.1,13.5,0.2,80,5.5,9.7,51.9,0,1,1.8,0.1,20,0.6,1,10.8,0,772,1244,3050,2882,777,0,75,50.6,65.5,170.6,0
E07000084,Basingstoke and Deane,84,2,91,1,4,8,14,20.5,36,0.2,300,4.9,9.8,68.3,300,1.2,4.5,0.1,20,0.7,1.1,9.3,15,2920,8849,9779,13378,28224,5,141.8,85.9,101.9,188.8,648.4
E08000007,Stockport,98,0,99,0,0,0,2,34.9,50.4,0.2,300,6.1,12,85.2,300,2,4.3,0.1,20,0.8,1.1,7.5,13.2,1186,5948,15022,27245,54538,17,116.6,72.6,91.8,140.6,393.5
E06000015,Derby,95,0,96,0,1,2,5,32.8,48,0,300,5.8,11.5,79.8,300,2.6,4,0,20,0.8,1.1,6.6,14.4,1668,5249,11601,20670,44828,8,134.2,85,100.7,164.2,1019.6
E07000202,Ipswich,97,1,98,0,0,1,2,30,45.6,0,300,6,11.7,78.3,300,2,4.1,0,20,0.8,1.1,7.2,15,703,3141,7482,12435,24569,1,149.4,107.8,132.9,165.6,18.4
E07000178,Oxford,97,0,97,0,0,1,3,40,49.2,0.1,300,6.1,11.5,79.2,300,3,4.5,0,20,0.8,1.1,7.6,11.9,606,2739,6913,10854,26415,13,155.7,109.4,126.7,178.9,252.2
E07000171,Bassetlaw,86,0,95,2,3,5,14,13.8,21.5,0.1,200,4.8,9.9,49.7,0,1.1,3.5,0,20,0.8,1.1,10.6,0,2615,6301,7138,10768,11036,0,116.1,58.1,82.1,193.9,0
E06000004,Stockton-on-Tees,92,0,93,0,2,4,8,40,51.3,0.1,300,4.9,10,84.9,300,3,4,0,20,0.8,1,6.4,15,1997,7733,8440,12144,37361,1,117.7,76.1,86.9,143.9,76.5
E07000035,Derbyshire Dales,68,0,79,3,9,17,32,13.8,18.2,0.2,80,5.4,11.7,51.3,0,1.1,2.4,0.1,20,0.8,1.1,10.4,0,1333,3448,6162,10991,4371,0,82.8,49,68.4,147.3,0
W06000001,Isle of Anglesey,71,3,84,3,9,16,26,14.8,21.4,0.1,80,5.1,10.9,51.5,0,1.1,3.3,0.1,20,0.7,1.1,10.5,0,1627,3433,5403,8169,6484,0,98.9,52.8,78.1,152.9,0
W06000009,Pembrokeshire,76,0,85,4,9,15,23,11.8,19.8,0.2,80,5,10,51.9,0,1.1,2.9,0,20,0.7,1,10.8,0,3326,6622,10174,12972,10024,0,94.5,54.5,72.1,154.7,0
E06000022,Bath and North East Somerset,84,0,89,1,2,5,16,18.1,31.3,0,200,5.4,11.5,67.5,0,1.1,3.5,0,20,0.8,1.1,8.7,0,2100,7150,11168,21037,22713,0,118.2,70.2,94.3,158.7,0
E06000021,Stoke-on-Trent,98,0,98,0,0,1,2,30,47.8,0.1,300,5.6,9.9,85.2,300,2,4.1,0.1,20,0.8,1.1,7.2,12.4,1838,8536,14227,16747,41740,23,143.3,101.5,122,167.6,268.5
N09000005,Derry and Strabane,87,0,98,3,5,7,13,22,34.5,0,300,5.1,10.6,62.8,300,1.2,4.3,0,20,0.8,1.1,8.9,15,2240,4087,6837,10547,20050,1,133.8,73,95.3,177.6,769
E06000046,Isle of Wight,92,0,100,0,1,2,8,17.2,23.3,0.1,80,5.9,12.8,52.8,0,1.1,3.2,0,20,0.9,1.2,10.8,0,1442,3721,9088,20955,12523,0,111.7,61.6,86.3,171.4,0
E07000122,Pendle,94,0,97,1,1,3,6,20,35.4,0.2,200,5.9,13.3,73,0,1.2,3.3,0.1,20,0.9,1.1,7.4,0,618,1886,4468,11480,10884,0,124.3,66.1,98.2,170.4,0
E06000055,Bedford,87,1,91,1,4,6,12,23.5,44.2,0.1,300,4.8,10.6,80.3,300,1.3,4.1,0,20,0.8,1.1,7.5,14.4,2869,6707,7669,13723,28540,49,127.2,78.9,100.3,157.9,962
E07000221,Stratford-on-Avon,74,0,83,2,5,13,26,16.5,26.4,0.2,200,5.3,11.2,61.9,0,1.1,3.4,0,20,0.8,1.2,9.6,0,2333,6068,9779,15649,14550,0,102.7,59.5,82,147,0
E08000017,Doncaster,81,0,84,1,2,6,19,16.9,29.9,0.1,200,5.5,11.4,69.1,0,1.1,3.1,0.1,20,0.8,1.1,7.8,0,3374,10706,19030,33472,31443,0,129.2,75,100.9,187.5,0
E06000053,Isles of Scilly,92,0,100,0,1,1,8,20.7,29,0.2,80,5.5,9.1,54,0,1.2,5.4,0.1,20,0.9,1.4,11.9,0,51,143,273,178,513,0,86.7,42.5,56,124.7,0
S12000024,Perth and Kinross,66,0,74,3,7,17,33,16.5,30.2,0.1,300,5.7,11.6,77.6,300,1.2,3.2,0.1,20,0.7,1.1,8.3,14.3,2685,5731,13531,20365,16530,7,97.8,59,80.3,142.6,568
N09000003,Belfast,97,0,98,0,0,1,3,41.4,52.8,0,300,5.7,11.9,81.6,300,3,4.5,0,20,0.9,1.1,7.1,12.7,2147,6827,13836,27357,71132,13,132.8,76.2,95,161.8,257.9
E07000082,Stroud,75,2,84,1,4,8,23,12.2,20.4,0.1,1000,5.4,10.5,57.8,1000,1.1,2.6,0,20,0.8,1.1,10.3,0,2016,6671,10258,15373,8741,11,97.3,61.8,78.6,165.2,0
E07000108,Dover,89,0,96,1,3,4,11,16.9,31.4,0.2,300,5.3,11,68.6,300,1.1,3.7,0.1,20,0.8,1.2,9.2,10,1612,4715,6977,12237,13189,128,126.9,83.4,108.1,161.6,0
E09000019,Islington,89,3,95,0,0,1,8,20,40.2,0.2,300,6.9,13.4,75.7,300,1.2,3.4,0,20,0.9,1,6.7,15,608,2518,12527,33266,37094,5,148.8,108.4,142.4,157.9,326
E06000031,Peterborough,94,3,98,0,0,1,4,33.6,53.2,0,1000,5.2,9.9,78,455.4,3,4.3,0,20,0.8,1.1,7.4,13.3,2265,7428,9950,12381,36190,1302,160.9,107.5,128.5,193.8,239
E09000004,Bexley,93,1,94,0,0,3,7,19,40.2,0.1,300,5.5,10.5,81.7,300,1.2,3.9,0,20,0.8,1.1,8.4,14.4,1995,9315,15118,20637,33800,9,157.6,110.9,138.3,184.4,316.2
E07000205,Suffolk Coastal,78,1,90,1,5,10,21,15.8,25.8,0.2,200,5.4,10.8,59.4,0,1.1,3.6,0.1,20,0.8,1.2,9.8,0,2084,6404,10618,14626,15055,0,103.1,60.8,81.4,145.9,0
E09000020,Kensington and Chelsea,91,2,96,0,0,0,7,19.7,40.4,0.1,300,6.4,12.3,79.5,300,1.2,3.7,0,20,0.9,1,8,14.3,826,3656,12696,23823,29431,7,114.2,81.5,93.6,142.3,195.3
E08000027,Dudley,96,0,96,0,0,1,4,30,47.2,0.1,200,6,10.7,82.8,0,2,3.7,0,20,0.9,1,6.4,0,1548,8123,19133,23184,53222,0,129.9,98.8,117.7,145.1,0
E06000026,Plymouth,96,0,96,0,1,1,4,40,54.1,0.1,300,5.7,11.2,87,300,3,4.3,0,20,0.9,1.1,6.9,14,1688,6521,12153,20228,52851,24,142.6,95.3,122,161.4,274.6
E08000025,Birmingham,93,1,94,0,0,2,6,28.6,46.6,0,300,6,11.4,81.7,300,2,3.7,0,22.1,0.8,1,6.4,14.2,5053,22628,54200,83863,165837,12,152,113.8,132.6,173.2,270.6
E08000024,Sunderland,96,0,97,0,0,1,4,20.2,39.6,0.1,300,5.3,10.3,76.5,300,1.2,4,0.1,20,0.8,1.1,8.1,14.4,2648,11146,15270,21622,40124,8,135.9,76.1,100.1,180.6,518
E07000153,Kettering,89,3,94,0,1,2,8,22.6,47.4,0.2,1000,5.3,12.3,82.4,972.8,1.3,4.1,0.1,20,0.8,1.1,7.8,15,981,2932,4481,10625,16414,103,137.9,82.1,118,162.2,302.5
S12000006,Dumfries and Galloway,70,0,81,3,8,18,30,12.4,18.5,0.1,80,5.7,10.9,50.1,0,1.1,2.8,0,20,0.7,1.1,10.3,0,3100,6868,16044,19635,10931,0,97.6,58.7,81.1,162.1,0
E06000029,Poole,97,0,99,0,0,0,3,30,48.5,0.1,300,5.6,11.2,83.4,300,2,4.3,0,20,0.9,1.1,7.5,13.3,933,4762,8152,13036,28703,12,123.7,84.5,100.1,146.9,634.8
E07000129,Blaby,96,0,98,0,1,2,4,20.3,38.8,0.2,300,5.2,10.4,75.6,300,1.2,4.1,0.1,20,0.8,1.1,8.6,10,1035,4447,5799,8107,14916,1,127.9,80.6,101.8,160.6,76.4
E07000214,Surrey Heath,94,0,98,0,0,1,6,40,51.2,0.2,300,5.3,11.7,80.8,300,3,5.2,0.1,20,0.8,1.2,8.6,15,648,2550,3563,7090,18462,9,131.5,68.6,93.2,160.1,452.5
E07000146,King's Lynn and West Norfolk,79,0,90,2,5,10,21,14.7,21.3,0.1,200,5.3,11.1,50.9,0,1.1,3.3,0,20,0.8,1.2,10.6,0,2962,7145,11728,18347,13914,0,115.7,70.2,93.3,170.8,0
S12000042,Dundee City,97,0,98,0,0,0,3,40,54.9,0.1,300,6,13.2,90.3,300,3,4.3,0.1,20,0.9,1.1,7.2,13.3,629,2580,6844,16336,31015,12,136.4,88.4,115.4,157.4,490.2
E06000044,Portsmouth,96,0,96,0,1,2,4,40,53.4,0.2,300,5.6,11,84.7,300,3,4.4,0.1,20,0.9,1,7,14.6,985,5739,9250,14607,41351,13,136.4,89.1,110.1,156,370.5
E06000008,Blackburn with Darwen,94,0,97,0,1,1,5,17.4,37.4,0.1,300,5.8,10,76.8,300,1.1,3.5,0.1,20,0.8,1,7.3,15,1101,4681,10128,10718,18479,10,136.5,85.1,102.2,186.2,743.2
E09000029,Sutton,97,0,98,0,0,1,3,39.3,48.9,0.2,300,6,12.2,80,300,3,4.5,0,20,0.9,1.2,7.5,13.3,868,3882,9175,17667,37209,3,140.8,94.2,114.9,163.7,579.9
E06000010,"Kingston upon Hull, City of",1,31,36,0,4,30,68,11.2,27.3,0.1,1000,6.2,9.7,87.6,784,1,4.7,0.1,500,0.9,0.9,15,385.2,736,7838,21880,24248,14246,156,102.4,78.6,85.4,155,1225.3
E09000009,Ealing,94,2,96,0,0,2,4,20.3,38.1,0.2,300,6.1,11.2,69.7,300,1.2,4,0.1,20,0.8,1.1,8,12.5,1649,7649,20059,29620,50067,2,161.6,109.5,127.4,199,0
W06000023,Powys,60,0,72,7,16,27,40,8.2,15.8,0.1,80,5.2,10,51.4,0,1,2.2,0,20,0.7,1,10.6,0,4608,7658,14042,15596,6868,0,86.6,54.3,71.8,169.8,0
E06000009,Blackpool,98,0,98,0,0,0,2,20.3,42.9,0.1,300,6.3,13.3,86.4,300,1.2,3.6,0,20,0.9,1.1,7.8,15,644,2480,7592,18460,19832,1,155.3,88,138,184.3,0
E07000113,Swale,89,0,94,1,2,4,10,18.7,33.6,0.1,300,5.6,11.7,69.6,300,1.2,4,0.1,20,0.8,1.1,9.3,15,1464,4245,8229,15628,17913,4,150.7,92.1,125.8,189.1,427.5
E09000021,Kingston upon Thames,95,1,96,0,0,1,4,40,49.6,0.2,300,6.5,12.9,77.6,300,3,4.6,0,20,0.9,1.1,7.5,15,481,2072,6974,15471,32742,2,143.8,89.1,113.2,167.3,187.6
S12000008,East Ayrshire,86,0,90,1,3,5,14,13.6,21,0.1,200,5.1,10.5,52.6,0,1.1,3.1,0.1,20,0.8,1.1,10.4,0,2031,6899,8525,13499,10269,0,127.2,75.1,101,200.4,0
E07000123,Preston,93,1,96,0,1,2,6,21.4,42.2,0.1,1000,5.7,11.1,77.3,1000,1.2,3.8,0.1,20,0.8,1.1,7.3,0,1085,3600,7452,12221,21174,13,142.8,90.7,122.5,168.5,0
W06000019,Blaenau Gwent,96,1,100,0,0,1,3,16.7,21.6,0.2,80,5.7,12.6,50.3,0,1.1,2.9,0.1,20,0.8,1.1,10.3,0,518,2329,4261,9387,5181,0,140,80.7,110.6,225.8,0
W06000011,Swansea,94,1,96,0,1,2,5,26.4,47.8,0.1,300,5.5,11.7,84.6,300,2,4.1,0.1,20,0.8,1.1,7.3,13.8,2072,6584,11645,22167,41735,13,127.5,76.9,99.5,155.6,331.3
E08000034,Kirklees,85,0,88,0,3,5,15,16.6,36.9,0.1,300,5.2,9.6,81.2,300,1.1,3.3,0,20,0.8,1,7.1,13.1,5305,19648,28726,32484,53101,13,129.7,92.7,112.5,159.2,308.1
E07000061,Eastbourne,98,0,99,0,0,0,2,14.7,25,0.1,80,5.6,10,52.7,0,1.1,4.4,0.1,20,0.9,1.1,11.8,0,968,4829,7574,9607,12471,0,149.9,95,115.4,207.2,0
E07000051,Purbeck,81,0,92,2,4,8,19,15.1,23.7,0.1,300,5.5,11.7,63,300,1.1,2.8,0,20,0.8,1.1,9.2,12.5,763,2051,3744,6958,4107,2,101.8,63.9,85.4,153.7,30.6
E07000033,Bolsover,90,0,97,1,1,3,10,17.1,29.8,0.2,200,5.6,12.2,69.4,0,1.1,3.3,0.1,20,0.9,1.1,8.8,0,634,2541,4377,10218,7887,0,129,72.2,102.3,185.9,0
E06000030,Swindon,82,1,85,0,1,4,17,20.5,48.1,0.1,300,5.6,11.4,88.1,300,1.2,3.9,0,20,0.8,1,7.6,15,1515,7204,11712,22382,35258,756,131,79.5,103.2,165.2,449
E08000011,Knowsley,96,0,97,0,0,1,4,28.1,45.7,0.1,300,5.2,10.1,81.5,300,2,4,0.1,20,0.8,1,7.1,15,1569,5326,7445,10779,25022,2,150.5,105.5,130.2,174.7,117.9
E07000009,East Cambridgeshire,88,1,98,1,3,5,11,20,31.4,0.2,300,5.7,12.7,62.1,300,1.2,4.2,0.1,20,0.8,1.3,9.6,15,956,2164,5074,10870,11654,1,124.5,67.7,101.4,158.9,134.2
E06000038,Reading,96,1,99,0,0,1,3,30,46.4,0.1,300,5.9,12.3,78.1,300,2,4.2,0.1,20,0.8,1.1,7.4,15,762,3309,7593,16259,29702,49,162.8,110.3,141.5,184.2,416.3
E08000001,Bolton,97,0,98,0,0,1,3,23.3,45.2,0.1,300,5.6,11,81.4,300,1.3,3.8,0,20,0.8,1,6.9,14.3,1757,8707,15130,22887,45808,14,130,78.4,96.7,165.7,428.3
E08000008,Tameside,96,0,99,0,0,0,4,17.9,33.6,0.2,300,6.3,11.4,69.5,300,1.1,3.7,0,20,0.9,1.1,8.6,15,1169,5298,17268,23084,29021,3,138.5,85.3,106.9,188,567
E09000022,Lambeth,87,3,92,0,0,2,9,18.8,35.2,0.2,300,6.7,13.1,69.6,300,1.2,3.4,0,20,0.9,1.1,7.7,15,1022,4144,17560,46313,44252,4,159.2,116.5,148.5,175.5,168.9
E07000040,East Devon,78,2,89,2,6,11,20,14.3,26.9,0.1,300,5.1,10.9,51.1,300,1.1,2.8,0,20,0.8,1.1,10.4,0,2719,7830,10987,18395,12550,1331,92.2,57.7,76.7,143.9,0
E07000049,East Dorset,84,0,97,1,2,4,16,14.3,22.1,0,200,5.4,10.7,51.1,0,1,3.3,0,20,0.8,1.2,10.3,0,1309,4452,7123,10094,9027,0,107,65.7,88.1,151,0
S12000045,East Dunbartonshire,89,0,91,0,1,3,11,21.7,51.4,0.2,300,5.8,11.7,97.7,300,1.3,4,0.1,20,0.8,1.1,7.4,15,812,2981,6379,11263,18357,3,110.4,76.1,94.2,130.6,682.9
E07000085,East Hampshire,81,0,89,1,4,8,19,17.9,30.8,0.2,300,5.9,12.4,67.9,300,1.2,3.5,0,20,0.8,1.2,9,10,1160,3413,8135,17171,14853,1,117.8,66.3,95.5,159.2,134.1
E07000242,East Hertfordshire,74,3,79,1,2,8,23,20,40.1,0.2,300,5.6,12.1,81.6,300,1.2,3.8,0,20,0.8,1.1,7.9,13,1640,4333,9184,17293,21862,5,124.3,82.7,107.7,148.9,361
E07000086,Eastleigh,93,0,95,0,0,2,7,20,39.1,0.1,300,6,11.8,76.6,300,1.2,4,0.1,20,0.9,1.2,8.6,12.5,734,3627,8354,14097,19522,2,123,71.5,94.1,160.3,1631.5
E07000137,East Lindsey,79,0,93,3,8,12,21,14.9,22.1,0,200,5.2,11.3,55.6,0,1.1,3,0,20,0.7,1.1,10.4,0,2989,6051,9749,18300,11958,0,100,52.3,78.8,158.7,0
S12000010,East Lothian,76,0,81,1,3,7,24,14.5,19.6,0.1,80,6,12.3,51.4,0,1.1,2.6,0,20,0.8,1.1,11,0,1035,3306,8405,17694,6995,0,117.2,74.5,97.3,192,0
E07000152,East Northamptonshire,82,4,90,1,2,7,14,19.9,43,0.2,1000,5.9,12,74.8,1000,1.2,4,0.1,20,0.8,1.2,8.7,0,904,2399,5777,10440,13016,206,123.4,68,101.4,156.6,0
S12000011,East Renfrewshire,88,0,90,0,1,3,12,20.7,48.4,0.1,300,6.3,11.9,92.7,300,1.2,4,0,20,0.9,1.1,7.7,15,460,1839,5993,9701,14787,3,116.6,79,96.4,141.9,223.5
E06000011,East Riding of Yorkshire,50,17,73,2,3,10,34,15.1,26.2,0.1,1000,5.8,11.8,65.8,663.3,1,4,0,500,0.8,1.1,12.4,331.7,3579,9671,22507,46846,29071,75,100,57,81.5,148.7,373.7
E07000193,East Staffordshire,86,0,95,1,3,6,14,12.1,21.6,0,80,5.1,9.3,50.1,0,1,3.5,0,20,0.8,1.1,10.6,0,2283,6453,8751,9129,11543,0,129.9,71,91.2,208.4,0
E07000030,Eden,71,0,87,7,12,19,29,10.6,18.9,0.2,80,5.1,10,52.2,0,1.1,3,0,20,0.6,1,10.3,0,1947,2542,5086,5776,4110,0,81.5,41.5,65.4,137.7,0
E07000207,Elmbridge,96,1,99,0,0,0,3,37.4,48.8,0.2,300,5.9,12,79.4,300,3,5.1,0,20,0.9,1.3,8.7,14.2,694,3070,6906,12109,27323,12,131.4,73,96.7,158.7,544.5
E09000010,Enfield,97,0,98,0,1,1,2,35,46.3,0.1,300,5.9,11,77.6,300,3,4,0,20,0.9,1.1,6.8,15,1432,7486,16494,22262,53883,2,162.4,127.5,146.4,177.9,185.2
E07000072,Epping Forest,82,9,94,1,2,4,9,20,42.4,0.1,1000,5.2,10.4,78.8,995.9,1.2,3.8,0,20,0.8,1.1,8,15,2051,5484,8541,11769,20239,171,130.8,85.9,107.7,162.9,529.4
E07000208,Epsom and Ewell,95,2,97,0,0,1,3,30,45.4,0.2,200,6.1,11.8,76.6,0,2,4.6,0,20,0.9,1.2,8,0,322,1729,4361,6798,14243,0,134.8,87.6,106.6,161.6,0
E07000036,Erewash,97,0,99,0,1,1,3,27.4,45.8,0.1,300,5.5,10.9,81.5,300,1.4,4.2,0.1,20,0.8,1.1,7.6,14,1023,3565,6463,9268,19853,5,123.3,74.1,92.7,155.4,140.1
E07000041,Exeter,83,9,93,0,1,3,9,22.4,45.7,0.2,330,5.4,10.2,83.8,303.3,1.3,3.8,0,20,0.8,1,6.9,11.9,1197,4588,7962,9054,21144,9,120.6,85.1,96.3,148.7,410.3
S12000014,Falkirk,90,0,92,0,1,3,10,27.4,53.9,0.1,300,5.8,11.1,97.1,300,2,4.1,0.1,20,0.9,1.1,7.2,13.9,1061,4627,10522,14123,30030,9,123.9,88.4,103.4,146.1,377
E07000087,Fareham,94,0,96,0,1,3,6,30,48.8,0.2,300,5.7,11.6,83.6,300,2.3,4.3,0.1,20,0.8,1.2,7.4,15,910,2868,6176,10478,21838,5,109.6,68.7,83.5,134.1,289
E07000010,Fenland,88,0,96,1,2,3,12,17.7,29.4,0.1,300,6.1,12.6,64.5,300,1.2,3.6,0,20,0.8,1.2,9.1,15,809,2341,6516,13602,11158,1,139.2,79.4,119.8,179.7,173.3
N09000006,Fermanagh and Omagh,60,0,92,12,18,25,40,14.3,23.3,0.2,80,4.5,9.2,51.9,0,1.1,3.9,0.1,20,0.7,1.1,10.4,0,3636,4439,6316,7526,10832,0,100,57.7,76.4,144.1,0
S12000015,Fife,88,0,92,0,2,3,12,18.5,33.2,0,300,5.7,12,73.1,300,1.2,3.5,0,20,0.8,1.1,8.5,13.1,3691,12990,25421,48299,47736,8,128.6,74.8,99.9,181.7,329.4
W06000005,Flintshire,83,2,92,1,4,8,14,13.5,22,0.2,220,5.2,9.8,50.3,0,1,3.5,0.1,20,0.8,1.1,10.6,0,2653,7993,11177,13440,15230,0,122.1,67.8,88.5,193.8,0
E07000201,Forest Heath,87,0,94,1,4,6,13,19.2,29.7,0.2,200,4.8,12.2,62.3,0,1.2,3.8,0.1,20,0.8,1.2,9.2,0,1185,2740,3132,8920,8586,0,162,89.4,142.1,196.1,0
E07000080,Forest of Dean,67,8,86,2,6,13,26,11.7,17.8,0.1,80,5.5,10.7,50.6,0,1,2.5,0,20,0.8,1.1,10.6,0,1497,4292,7744,10692,5271,0,95.3,60.3,79,164.9,0
E07000119,Fylde,88,0,94,1,2,4,12,16.7,29.2,0.2,200,5.8,11.8,66.2,0,1.1,3.4,0,20,0.9,1.2,9.3,0,780,2451,5767,10343,9104,0,119,71.1,100.7,157.2,0
E08000037,Gateshead,91,1,93,0,1,3,8,19.9,39.9,0.1,300,5.8,11.4,81.2,300,1.2,3.2,0,20,0.9,1,6.4,10,1536,6225,12929,21395,29028,2,117.1,78.8,96.7,148.3,14.1
E07000173,Gedling,98,0,99,0,1,1,2,40,51.9,0.2,300,5.7,11.8,80.2,300,3,4.3,0,20,0.8,1.1,6.6,12.5,714,2520,4861,9394,24832,4,117.3,71.3,91.4,136.2,210.5
S12000046,Glasgow City,89,2,91,0,1,2,10,18.1,36.3,0.1,300,6,12.1,80.2,300,1.1,3.3,0,20,0.8,1,8,13.8,4561,16209,41566,80334,78318,24,136,92.7,114.4,176.1,322.4
E07000081,Gloucester,93,0,94,0,1,2,7,48.5,56.5,0.1,300,5.2,10.1,89.8,300,3,4.6,0,20,0.8,1,7.1,12.9,1417,3888,5780,7929,26451,12,99.9,80.4,97,100.5,190.3
E07000088,Gosport,97,0,98,0,1,1,3,40,50.1,0.1,200,5.1,10.5,80.4,0,3,4.4,0.1,20,0.8,1,7,0,926,2663,3548,5758,16889,0,122.4,73.8,86.9,150,0
E07000109,Gravesham,94,1,97,0,1,1,6,21.1,42.1,0.1,300,5.6,10.6,80,300,1.2,4.1,0.1,20,0.8,1.2,8.2,12.5,839,3512,6123,8093,15422,2,155.3,107.6,133.8,181.8,88.8
E07000145,Great Yarmouth,93,0,97,0,1,3,7,20.1,38.9,0.1,300,5.7,12,75.7,300,1.2,4,0.1,20,0.8,1.2,8.4,15,777,2866,5576,10595,14091,67,143.2,85.9,124.7,167.5,332.9
E09000011,Greenwich,89,6,95,0,1,1,5,19.4,38.1,0.1,300,6.1,11.4,72.6,300,1.2,3.7,0,20,0.8,1.1,7.9,15,1243,6349,15966,26411,37294,221,176,134.8,162.3,194.3,128.9
E07000209,Guildford,93,1,99,0,1,1,6,40,49.9,0,300,4.8,10.1,78.7,300,3,5.2,0,20,0.8,1.3,8.3,13.3,1712,5371,5852,8182,29187,9,126.5,63.9,82.2,158.5,287.3
W06000002,Gwynedd,71,2,84,4,8,16,26,13.7,21.7,0.2,80,5.4,10.3,51.7,0,1.1,3.5,0,20,0.7,1.1,10.5,0,2847,5501,10833,11638,11753,0,97.5,53.4,74.9,150,0
E09000012,Hackney,90,3,93,0,0,1,7,19.6,36.9,0.1,300,6.8,13.1,71.2,300,1.2,3.4,0,20,0.9,1.1,7.4,13.8,695,2730,13915,33229,34709,56,166.7,128.5,157.9,179,141.4
E06000006,Halton,96,0,98,0,1,1,4,22.2,46,0.1,200,5.2,10.2,85.5,0,1.3,4.3,0,20,0.8,1.1,8,0,1368,5416,6727,9926,21149,0,140.5,80.2,106.2,179.8,0
E07000164,Hambleton,81,1,95,4,7,11,18,18.2,26.4,0.1,300,5.1,11.5,52.7,300,1.1,4.1,0.1,20,0.7,1.1,10.8,0,1703,3283,5333,10195,11102,64,88.6,43.7,62.8,132.9,0
E09000013,Hammersmith and Fulham,84,5,92,0,0,1,11,18.4,30.5,0.1,300,6.7,13.7,62.9,300,1.1,3.6,0,20,0.9,1.1,10,15,631,2338,10834,32462,23972,1,152,98.1,129.4,191.2,250
E07000131,Harborough,87,2,95,1,2,4,11,19,34,0.2,1000,5.7,12.4,59.5,1000,1.2,4,0.1,20,0.8,1.2,9.9,0,984,2536,5251,11792,12113,146,118,65.6,96.2,153.6,0
E09000014,Haringey,95,1,96,0,0,1,4,30,43.4,0,300,6.5,12.3,74.2,300,1.3,3.7,0,20,0.9,1.1,6.7,15,850,3751,13841,25391,44250,4,171.4,128.5,157.3,186.3,180
E07000073,Harlow,97,0,98,0,0,1,3,49,54.5,0.1,300,5.1,9.6,83.6,300,3,4.6,0,20,0.8,1,6.9,15,793,3007,3893,4425,18642,1,155.4,108.7,133.5,172.7,529.1
E07000165,Harrogate,85,1,96,2,5,7,14,20,38.2,0.1,300,5.5,11.6,76.7,300,1.2,3.9,0.1,20,0.8,1.1,8.3,13.6,1995,5267,9987,17574,23977,11,110.5,61.8,88.6,142,144.7
E09000015,Harrow,96,1,96,0,0,1,4,30,45.2,0.1,200,6,11.1,77.6,0,1.4,4.4,0,20,0.9,1.1,7.9,0,1111,5392,13409,17747,39592,0,155.9,102.3,119.6,190,0
E07000089,Hart,86,1,93,1,2,5,13,32.4,52.6,0.1,300,5.8,12.5,83.5,300,3,4.7,0.1,28.4,0.8,1.2,8.3,13.8,682,2055,4547,9354,18238,482,128.8,79.2,100.6,155,455.9
E06000001,Hartlepool,95,0,96,0,1,3,5,50,56.1,0,300,4.6,8.9,86.4,300,3,4.5,0,20,0.7,1,6.7,15,1404,3202,3259,4184,18702,4,129.9,69.2,83.9,159.8,1679.9
E07000062,Hastings,94,0,97,0,0,0,6,15.2,23.3,0.1,80,5.5,10.7,50.4,0,1.1,3.8,0,20,0.9,1.2,11,0,1046,4021,6479,9440,9722,0,167.2,102.5,135.6,234.1,0
E07000090,Havant,98,0,99,0,0,1,2,39.9,53.6,0.1,300,5.9,11.4,88.5,300,3,4.6,0.1,20,0.9,1.1,7.5,12.5,695,2911,6804,9751,24359,4,112.4,79.6,88.1,131.9,101.5
E09000016,Havering,96,1,97,0,0,1,3,29.3,45.9,0.1,300,5.8,10.7,80,300,1.4,4.3,0,20,0.8,1.2,7.9,15,1734,7021,14186,19768,42539,235,147.9,103.1,130.7,166.3,327.4
E06000019,"Herefordshire, County of",67,1,79,5,11,20,32,8.7,18.7,0.1,80,4.9,9,52.5,0,1,2.9,0,20,0.7,1,11,0,5452,13075,15806,16527,14563,0,92,53.5,67.5,165.4,0
E07000098,Hertsmere,96,0,98,0,1,1,4,32.4,48.3,0.2,300,5.9,11.2,81.2,300,3,4.8,0.1,20,0.9,1.2,8.2,13,655,2519,5922,8238,19447,15,145.3,101.4,119.5,169,386.4
S12000017,Highland,64,0,78,5,10,23,36,8.1,17.4,0.1,80,5.6,9.7,50.9,0,1.1,2.9,0,49.8,0.7,1.1,10.8,0,6130,13453,30533,25072,17513,0,92.3,57,71.9,173,0
E07000238,Wychavon,81,1,90,1,5,8,19,14.3,21.9,0.2,200,5.1,10.4,51.4,0,1.1,3.4,0,20,0.8,1.2,10.9,0,2374,6838,8905,13826,12338,0,110.3,64.2,83.4,173,0
E07000007,Wycombe,90,0,97,1,2,4,10,19.4,30.2,0.1,200,5.4,11,58.7,0,1.2,4.2,0.1,20,0.8,1.2,10,0,1899,6781,10793,16416,24095,0,144.3,91.8,114.3,185,0
E07000128,Wyre,88,1,92,1,3,5,12,15.6,22.9,0.2,1000,5.7,11.9,51.4,1000,1.1,3,0,20,0.8,1.1,10.5,0,914,4085,7987,15067,9436,40,123.7,69.7,102.5,182.8,0
E07000239,Wyre Forest,92,0,96,0,2,4,8,19.7,38.3,0.1,300,5.7,10.7,75.9,300,1.2,4,0,20,0.8,1.1,8.2,15,847,3517,6820,8983,14811,2,122.5,73.9,94.9,159.8,39.4
E06000014,York,81,8,92,1,1,3,11,17.8,42.2,0.1,900,5.6,11,71,879.4,1.1,3.7,0,20,0.8,1.1,8.7,15,2029,7325,13176,20602,26201,729,120,70.7,99.5,153.9,156.3
E09000026,Redbridge,90,7,96,0,0,1,4,23.3,44.3,0.1,300,6.4,12.6,77.5,300,1.3,4,0,20,0.9,1.1,7.2,15,859,4043,13563,26778,43282,1,177.4,125.5,161.8,195.5,126.4
E06000003,Redcar and Cleveland,93,0,94,0,2,4,7,40,54.2,0.2,300,5.5,11.2,91.6,300,3,3.9,0,20,0.8,1,6.5,15,1171,3849,6831,10712,25840,4,111.1,69.8,85.8,135.7,217
E07000236,Redditch,98,0,99,0,1,1,2,35,50.9,0.2,300,5.6,10.6,87.2,300,3,4.3,0,20,0.8,1.1,7.3,15,546,2854,4891,6089,15998,3,144.4,103.2,122.7,165.3,552.7
E07000211,Reigate and Banstead,94,1,99,0,1,1,5,24.4,43,0.1,300,5.9,12.2,75.7,300,2,4.5,0.1,20,0.9,1.3,8.1,15,758,3453,7533,14874,24956,2,128.3,80.2,102.7,154.8,102.8
S12000038,Renfrewshire,88,0,89,0,1,4,12,20,47.3,0.2,300,5.9,11.5,93.5,300,1.2,3.8,0.1,20,0.8,1,7.4,14.4,1313,5036,11865,19469,29021,9,120.8,83.2,103.8,144.7,288.5
W06000016,Rhondda Cynon Taf,94,0,98,0,1,2,5,14.6,24.4,0.1,300,5.2,10.2,56.2,300,1.1,3.5,0,20,0.8,1.1,10,10,3631,11472,15790,21959,23634,3,140.4,79.4,104.1,218.9,308.6
E07000124,Ribble Valley,83,1,94,2,5,8,16,15.4,23,0.2,200,5.4,11.4,53.4,0,1.1,3.3,0.1,20,0.8,1.1,10.6,0,914,2336,4060,7415,5590,0,97.8,52.5,77.4,147.5,0
E07000166,Richmondshire,75,0,94,5,9,14,25,14.7,21.6,0.1,80,5.2,10.9,51.1,0,1.1,3.3,0.1,20,0.8,1.1,10.7,0,1147,2227,3874,5908,4759,0,98.7,51.4,72.4,163.2,0
E09000027,Richmond upon Thames,95,0,96,0,0,1,4,38.3,50.8,0.2,300,6.1,12.9,84,300,2,4.5,0,20,0.9,1.1,7.8,14,800,3636,9074,21226,39640,5,123.1,77.7,97.6,146.3,557
E08000005,Rochdale,97,0,99,0,0,1,3,19.8,35.5,0.1,200,5.4,9.9,69,0,1.2,3.8,0,20,0.8,1.1,7.8,0,1997,8370,13026,14942,29350,0,135.6,83.8,99.8,182.7,0
E07000075,Rochford,89,0,93,0,1,3,11,16.5,23.5,0,120,6.1,12.3,50.6,0,1.1,3.6,0,20,0.9,1.3,10.8,0,619,2325,6056,11662,8575,0,145.9,85.3,122.8,200.3,0
E07000125,Rossendale,92,0,98,0,1,2,7,20,33.6,0.1,300,4.6,10.2,67.4,300,1.2,4,0.1,20,0.8,1.2,8.8,15,1324,3453,3471,5673,9601,3,126.4,67.8,92.9,174.7,253
E07000064,Rother,86,0,99,1,2,5,14,15.8,22.1,0,80,5.6,11.6,50.4,0,1.1,3.5,0,20,0.8,1.3,10.4,0,1456,3532,7613,12415,9267,0,109,62.2,87.5,163.9,0
E08000018,Rotherham,81,0,84,1,4,8,19,15.2,29.6,0.1,200,5.5,10.5,71.1,0,1.1,3,0,20,0.8,1,7.7,0,3071,11050,19765,25395,27250,0,125.3,79.4,100.9,179.3,0
E07000220,Rugby,90,0,94,1,3,5,10,21.2,39.3,0,200,4.8,9.7,74.5,0,1.2,4.2,0,20,0.8,1.1,8.3,0,1666,5158,5685,7332,16759,0,132,81.6,100.4,169.1,0
E07000212,Runnymede,95,1,99,0,0,1,4,30,45.7,0,300,5.6,11.3,79.6,300,2,4.9,0,20,0.8,1.2,8.8,13.8,725,2335,4494,6954,14710,4,132,71.8,97.5,163.3,159.6
E07000176,Rushcliffe,92,0,96,1,3,5,8,32.3,48.4,0.2,300,5.3,12.5,81.4,300,3,4.5,0.1,20,0.8,1.2,7.6,13.8,1071,2888,4438,11085,21119,8,104.9,53.6,76.2,131,125.9
E07000092,Rushmoor,95,0,96,0,1,2,5,40,57.3,0,300,5.2,11.1,89.1,300,3,5,0,20,0.8,1.1,7.8,13.8,790,2698,3520,6766,19959,8,133.3,86.8,108.1,152.2,579.8
E06000017,Rutland,79,6,98,1,2,4,14,21.3,58.3,0.1,1000,5.2,12.8,51.1,596.4,1.2,4.5,0.1,20,0.7,1.3,10.6,0,535,1152,1836,4640,5820,758,105.7,50,87.4,132,0
E07000167,Ryedale,72,3,91,7,12,17,25,13.7,22.2,0.2,80,5,9.8,52.4,0,1.1,3.6,0.1,20,0.7,1.1,10.6,0,1521,2945,4269,4933,5591,0,82,44.7,62.1,126.7,0
E08000006,Salford,90,3,93,0,1,3,8,20.1,41.7,0.2,300,6.2,12.1,80.3,300,1.2,3.7,0,20,0.8,1.1,7.4,15,1096,5301,14626,27197,36869,8,142.5,92.5,114.1,174.3,593.7
E08000028,Sandwell,92,0,93,0,0,2,8,18.8,38.3,0.1,300,6.1,11.4,78.2,300,1.1,3.1,0,20,0.8,1,6.5,15,1667,7522,19027,29480,38892,2,156.9,119.9,144.1,179.2,468.1
E07000168,Scarborough,89,0,97,1,3,4,10,16.9,24.3,0.1,80,5.6,11.9,52.7,0,1.1,3.7,0.1,20,0.8,1.1,10.9,0,1318,4025,7372,14538,11899,0,112.5,56.5,92.7,155,0
S12000026,Scottish Borders,69,0,79,4,8,18,30,13.3,19.6,0.2,80,6,11.3,51.5,0,1.1,3,0,20,0.7,1.1,10.8,0,2095,4340,12958,15854,9158,0,91.6,55.6,73.7,156.3,0
E07000188,Sedgemoor,80,1,88,1,5,10,19,14.1,24.4,0.1,300,5.5,10.5,51.4,300,1.1,3.4,0.1,20,0.8,1.1,11,0,1917,5554,10651,12522,11823,439,127.2,82.5,99.8,195.2,0
E08000014,Sefton,97,0,99,0,0,1,3,22,43.6,0,300,6,12.1,79.1,300,1.3,3.9,0,20,0.8,1.1,7.4,10,1379,6153,14802,28983,45595,1,127.8,77.7,101.4,158.2,2.9
E07000169,Selby,77,6,96,2,4,6,17,15.2,23,0.1,80,5.3,10.7,50.5,0,1.1,3.9,0,20,0.8,1.2,10.9,0,1455,3893,5977,8902,9028,0,120.9,71.1,95.6,176.6,0
E07000111,Sevenoaks,84,1,94,1,2,5,15,17.1,34,0.1,1000,5.6,11.4,66.5,989.6,1.1,3.8,0,20,0.8,1.3,9.9,15,1495,4549,8595,13521,13877,201,127.8,76.7,106.4,170.6,924.7
E08000019,Sheffield,86,1,88,0,1,3,14,15.4,30.6,0,300,5.4,10.1,69.2,300,1.1,3.1,0,20,0.8,1,7.6,15,6556,23931,37144,47853,61302,3,124.7,78.9,97,176.2,443.3
E07000112,Shepway,86,0,90,2,5,8,14,18.5,32.8,0.1,300,5.4,12.5,73,300,1.2,3.5,0,20,0.8,1.1,9,15,1435,3035,5736,14594,12485,4,129.4,72.6,109.8,165.9,78.7
S12000027,Shetland Islands,54,0,67,5,12,35,46,8.1,15.7,0.2,80,6,8.8,53,0,1.1,2.7,0.1,20,0.7,1,11.2,0,695,1222,4264,1953,1488,0,81.7,60.8,67.8,155.5,0
E06000051,Shropshire,72,2,85,3,7,14,26,14.2,21.9,0.2,200,5.2,10.6,54.1,0,1.1,3.2,0,20,0.8,1.1,10.6,0,6062,15250,23914,34016,27733,0,99.4,59.2,80.2,150.9,0
E06000039,Slough,95,1,97,0,0,1,4,22,41.4,0.1,300,5.2,10.1,75.7,300,1.3,4.2,0,20,0.8,1.1,7.9,14,1826,4320,6871,9835,20728,10,178.3,114.9,148.4,210.1,325.6
E08000029,Solihull,94,0,96,0,1,2,6,40,49.3,0,300,5.7,11.2,80.6,300,3,4.3,0,20,0.8,1.1,7.2,10,1254,5569,10179,16808,41107,1,122.6,75.7,97.2,145.3,95.2
E06000045,Southampton,94,0,94,0,0,1,6,20.7,45.1,0.1,300,6.2,11.5,85.2,300,1.2,4,0.1,20,0.8,1,7.7,15,1040,5443,15111,23326,37500,6,142.6,90.9,109.7,181.7,476.6
S12000028,South Ayrshire,82,0,87,1,4,10,18,14.3,23.9,0.1,200,5.8,11.1,61.3,0,1.1,3.2,0,20,0.8,1.1,9.9,0,1453,4816,11319,14156,10832,0,110.4,72.3,92.9,159.5,0
E07000006,South Bucks,84,0,94,0,2,5,16,18.8,29.9,0.2,300,5.7,12,61.3,300,1.1,3.8,0.1,20,0.9,1.3,10,10,715,2265,4521,8445,9070,1,133.3,81.5,109.8,171.2,227.6
E07000012,South Cambridgeshire,84,7,97,1,2,4,9,23.2,39.7,0.1,300,4.8,11.1,72.7,300,2,4.4,0.1,20,0.7,1.2,8.1,10,2565,6458,7268,13080,25491,2,110.9,57.4,80.9,143.7,44.3
E07000039,South Derbyshire,84,0,95,1,4,7,15,14.8,26,0,300,4.7,9.6,55.3,300,1.1,3.7,0,20,0.8,1.2,10,0,1934,5792,5657,8388,11269,114,128.5,76.6,99.5,181.7,0
E06000033,Southend-on-Sea,95,0,96,0,0,0,5,22.4,44.3,0.1,300,6.6,13.5,79.7,300,1.3,4.3,0.1,20,0.9,1.2,8.2,13,603,2136,9000,22515,29686,10,154.6,94,135.8,177.4,278.8
E06000025,South Gloucestershire,91,1,98,1,1,3,8,39.9,53.5,0.1,300,5.3,10.7,84.4,300,3,4.4,0.1,20,0.8,1.1,7.3,14.4,2688,8774,13351,19813,53199,1231,120.4,74.1,94.3,142.3,286.3
E07000044,South Hams,72,0,86,3,6,13,28,14.3,20.4,0.2,300,5.2,11.3,56.1,300,1.1,2.6,0,20,0.7,1.1,9.9,15,2199,4877,7932,14186,7450,1,85.2,48.9,70.5,139.8,30.7
E07000140,South Holland,78,0,95,2,5,8,21,15.1,20.9,0.1,80,5.5,11.7,50.4,0,1.1,3.1,0,20,0.8,1.2,10.5,0,1306,3583,6433,12045,7334,0,121.2,75.7,101.6,178.6,0
E07000141,South Kesteven,89,1,96,1,2,4,11,18.8,33.3,0.1,1000,5.3,10.7,66.3,891.1,1.2,4.1,0,20,0.8,1.2,9,14.3,2029,5848,9451,13634,20003,45,118.1,66.5,90.1,159.2,241.6
E07000031,South Lakeland,81,0,92,3,6,10,19,12.7,22.2,0.1,1000,5.6,10.6,50.7,1000,1.1,3,0,20,0.7,1.1,10.5,0,2203,5158,11162,13685,9743,99,87,48.3,68.6,142.5,0
S12000029,South Lanarkshire,89,0,93,1,2,5,11,20.2,44.4,0.1,300,5.4,10.8,87,300,1.2,4,0.1,20,0.8,1.1,7.8,14.5,4149,11839,19863,30356,52178,10,123.8,78.1,96.7,159.2,423.1
E07000149,South Norfolk,75,0,86,2,8,14,25,13.5,21,0.1,200,5.1,10.6,54.4,0,1.1,3.1,0.1,20,0.8,1.2,10.5,0,2628,7525,10401,16153,11425,0,102.4,61.9,84.3,153.5,0
E07000155,South Northamptonshire,73,5,83,1,5,12,22,16.1,29.9,0.2,1000,5.2,10.6,52.3,1000,1.1,4,0.1,20,0.7,1.1,11.3,0,1697,4381,6189,9442,10158,201,117.1,64.2,89.3,174.4,0
E07000179,South Oxfordshire,84,4,95,1,3,6,12,18.9,41.8,0.1,1000,5.4,11.9,63.2,998.9,1.2,3.9,0.1,20,0.8,1.2,10,10,1587,5300,8354,17404,18788,609,117.1,66.9,92.7,157.8,993.5
E07000126,South Ribble,95,0,98,0,1,1,5,21.7,42.7,0.2,200,5.4,10.5,79.1,0,1.3,4.1,0,20,0.8,1.1,7.8,0,1204,3959,6633,9189,18525,0,123.6,79.6,101.7,149.3,0
E07000189,South Somerset,79,0,90,2,5,8,21,14.3,20,0.1,80,5.1,11.2,51.4,0,1.1,2.8,0.1,20,0.8,1.1,10.8,0,2856,9419,11993,22707,13171,0,106.4,62.7,87,169.7,0
E07000196,South Staffordshire,83,0,94,1,4,6,17,15,21.9,0.1,200,5,10.8,50.9,0,1.1,3.3,0.1,20,0.8,1.1,10.7,0,2427,4509,6605,11971,9855,0,116.2,67.3,92.5,174.4,0
E08000023,South Tyneside,91,0,92,0,1,3,9,30,50.2,0.1,300,5,9.8,88.5,300,2,4,0,20,0.8,1,7,15,1564,6309,7241,9971,26427,5,127.6,81.8,97.1,157.9,307.6
E09000028,Southwark,76,6,87,0,1,6,18,16.8,32.8,0,300,6,11.7,70.4,300,1.1,2.9,0,20,0.8,1,7.7,15,1934,9082,20988,40151,35417,802,157.1,121.5,149,174.4,161.9
E07000213,Spelthorne,72,24,97,0,0,1,4,19,41.4,0.2,300,5.9,10.6,83.2,300,1.1,4.1,0.1,20,0.8,1.1,8.7,15,753,3134,7013,8852,14518,6,123.7,77.2,91.5,165.2,418.1
E07000197,Stafford,89,0,94,1,3,6,11,21.2,42.4,0,300,5.2,9.7,80,300,1.3,4.1,0,20,0.8,1.1,7.7,14.3,1992,5972,8517,9234,21725,105,113,69.3,82.4,148.9,639.7
E07000198,Staffordshire Moorlands,85,0,93,2,4,7,15,17.3,29,0.2,300,5.6,12.2,69.3,300,1.1,3.2,0.1,20,0.8,1.1,8.6,15,1264,2891,6252,13047,9788,1,115.4,60.7,98.8,154.5,174.4
E07000136,Boston,83,0,93,2,4,7,17,12.8,21.3,0.2,80,5.4,10.1,51.2,0,1.1,3.3,0.1,20,0.8,1.2,10.8,0,961,3140,5075,6119,5715,0,145.7,91.8,119.4,205.7,0
E06000028,Bournemouth,99,0,99,0,0,0,1,30,46,0,300,6.1,12.7,77.9,300,2,4.3,0,20,0.9,1.1,7.4,13.9,735,3849,9746,19378,35164,9,143,85.7,120.9,164.2,364.5
E06000036,Bracknell Forest,94,0,97,0,1,1,6,32.4,44.9,0,300,4.8,9.3,76.5,300,3,4.9,0,20,0.8,1.2,8.6,15,1347,5824,5493,7038,22078,4,152,95,116.8,182.4,567.2
E08000032,Bradford,93,1,96,0,1,2,6,20.6,38.9,0,300,5.9,11.9,73.9,300,1.2,3.3,0,20,0.9,1.1,6.5,15,2886,12091,27254,47960,69543,1,147.3,101.2,133.4,168.6,174.8
E07000067,Braintree,68,0,73,1,5,8,32,15.1,21.3,0.1,80,5.3,11.6,52.2,0,1.1,3,0,20,0.8,1.1,11.2,0,2354,6333,10129,20884,12410,0,136.7,85.8,112.6,208.9,0
E07000143,Breckland,77,0,90,3,6,11,23,14.2,21,0.1,80,5.3,11,50.7,0,1.1,3.4,0.1,20,0.8,1.2,10.8,0,2617,6047,10239,16550,11903,0,118.3,67.5,96.3,172.9,0
E09000005,Brent,91,2,93,0,0,2,7,19.6,36.6,0.1,200,6,11.7,71.2,0,1.2,3.7,0,20,0.8,1.1,8.1,0,1758,6949,16466,29619,39302,0,177.6,116.4,144.3,221.1,0
E07000068,Brentwood,85,0,90,1,2,6,15,15.2,24.1,0.1,80,5.3,10.4,51.7,0,1.1,3.8,0.1,20,0.8,1.2,11,0,1263,3582,5528,8030,9116,0,137.3,81.1,111,184.4,0
W06000013,Bridgend,92,0,96,1,2,3,8,14.6,21.8,0,80,5.1,10.5,50.5,0,1,3.3,0,20,0.8,1.1,10.7,0,2096,7048,9807,14634,13203,0,134.4,76.1,99.4,218.8,0
E06000043,Brighton and Hove,96,1,97,0,0,1,3,40,53.5,0,300,6,12.1,83.9,300,3,4.6,0,20,0.9,1.1,7.4,14.2,1401,5385,13055,25291,61180,30,147,98.3,121.2,166.6,308
E06000023,"Bristol, City of",93,1,94,0,0,1,7,46.4,52.4,0.1,300,6.4,12.9,83.1,300,3,4,0,20,0.9,1,6.3,15,1491,5977,19462,43761,90987,8,135.2,97.4,116.4,150.3,286.9
E07000144,Broadland,84,0,91,2,4,8,16,17.1,32.2,0.1,300,5,10.1,68.4,300,1.1,3.8,0.1,34.8,0.8,1.2,8.9,0,2259,6808,7912,11712,16548,149,105.7,65.3,82.4,142.9,0
E09000006,Bromley,96,0,97,0,1,1,4,30,47,0,300,6.1,12,80.8,300,2,4.3,0,20,0.9,1.2,7.5,15,1631,6762,17572,31950,60134,3,138.3,98.7,122.4,154.4,133
E07000234,Bromsgrove,90,1,96,0,2,3,9,16,30.1,0.2,200,5.2,9.7,63.6,0,1.1,3.9,0.1,20,0.9,1.2,9.3,0,1442,4763,6599,7742,12578,0,120.7,75.3,91.5,166.5,0
E07000095,Broxbourne,97,0,98,0,0,0,3,40,53.1,0.1,300,4.9,9.8,84.7,300,3,5,0,20,0.8,1.2,8,15,970,3775,4077,5324,19349,5,142.9,98.6,120,160.4,496.7
E07000172,Broxtowe,98,0,99,0,0,0,2,40,54.6,0.1,300,5.5,10.6,87.1,300,3,4.3,0,20,0.8,1,6.8,14.3,783,3338,5571,7308,22964,7,115,67.6,81.6,140.7,67.1
E07000117,Burnley,97,0,99,0,1,1,3,30,46.7,0.1,300,5.5,10.2,82.7,300,2,4,0,20,0.8,1,7.1,15,715,2958,4946,6224,15078,1,130.4,74.3,95.2,166.9,142.6
E08000002,Bury,96,0,99,0,0,0,4,18.2,33.2,0.1,300,6,11.1,67.4,300,1.1,3.9,0,20,0.8,1.2,8.9,15,1252,5660,13719,18148,25121,2,132,76.4,100.6,178.9,583.7
W06000018,Caerphilly,93,0,98,0,1,2,7,13.7,21.2,0.1,80,5.2,10.2,49.6,0,1,3.3,0.1,20,0.8,1.1,10.7,0,2660,9042,12623,16921,16022,0,142.7,79.4,100.5,246.7,0
E08000033,Calderdale,85,0,92,0,2,5,15,16.1,30.6,0.1,200,5.5,10.8,71.8,0,1.1,3.2,0.1,20,0.8,1.1,8.4,0,2308,8507,14880,21496,22702,0,131.6,86.5,112.7,170.6,0
E07000008,Cambridge,95,1,97,0,0,1,3,50,52,0.1,300,5.9,11.4,78.3,300,3,4.3,0.1,20,0.8,1,6.5,11.7,572,2619,5522,8526,26422,28,137.6,85.5,104.8,158.8,110.1
E09000007,Camden,94,1,97,0,0,0,6,22,45.5,0.2,300,6.8,14.4,77.6,300,1.2,3.7,0,20,0.9,1.1,7,13,596,1990,9573,35333,41394,664,142.2,90.2,127.5,160,238.2
E07000192,Cannock Chase,95,0,98,0,0,1,5,15.2,29.1,0.2,300,6.2,10.8,63.6,300,1.1,3.6,0.1,20,0.9,1.1,9.4,15,575,2789,7805,9925,11195,2,146,94.8,120.2,193.6,755.7
E07000106,Canterbury,91,0,98,1,1,3,9,14.3,22.1,0,80,5.5,10.8,50.9,0,1.1,3.4,0,20,0.8,1.2,10.7,0,1727,7025,10889,16503,14130,0,146.8,92.4,122.4,203.9,0
W06000015,Cardiff,94,2,96,0,0,2,4,40,48.5,0,300,5.3,9.9,80.5,300,3,4.3,0,20,0.8,1,7.3,12.5,3234,11872,17337,21778,65486,16,138.2,85.6,101.8,168.5,530
E07000028,Carlisle,88,0,92,2,4,6,11,10.8,25.8,0.1,200,4.9,8.2,61.2,0,1.1,3.7,0.1,20,0.8,1,10.1,0,2573,7112,8532,6902,12438,0,118.2,78,90.8,171.3,0
W06000010,Carmarthenshire,75,0,83,4,10,15,25,9.8,16.6,0,80,4.9,9.6,49.8,0,1,2.4,0,20,0.7,1,10.5,0,5419,11408,14674,20126,10795,0,109.8,64.7,88.2,207,0
E07000069,Castle Point,97,0,99,0,0,1,3,18.8,36.6,0.2,200,6.2,11.5,74.9,0,1.1,4,0,20,0.9,1.2,9.1,0,483,2298,6542,9152,12077,0,142.9,92.6,121.6,175.4,0
N09000004,Causeway Coast and Glens,79,0,96,4,7,12,21,19.2,27.5,0,90.1,5.1,10.8,52.7,0,1.2,4.6,0,20,0.7,1.2,10.7,0,2790,4062,7442,11851,17412,0,114.9,63.6,84.7,154.5,0
E06000056,Central Bedfordshire,88,0,91,1,3,6,12,21.2,40.9,0.1,300,5.2,12.1,78.5,300,1.2,4,0,20,0.8,1.2,8.1,14.5,3138,9118,13298,30850,43186,13,127.4,78,107.2,153.5,208.6
W06000008,Ceredigion,58,0,70,9,17,30,42,8.1,16.8,0.2,80,4.8,9,52.4,0,1,2.5,0.1,20,0.7,1,10.8,0,2740,4661,6872,6558,4551,0,81.3,49.3,64.6,151.5,0
E07000130,Charnwood,96,0,98,0,1,2,4,23.1,43.2,0.2,300,5.5,12,78.1,300,1.3,4,0.1,20,0.8,1.1,7.6,14.3,1316,4948,8397,16288,27592,7,129.1,77.6,105.1,155.4,378.7
E07000070,Chelmsford,86,0,91,1,2,4,14,18.2,35.1,0.1,300,5.5,10.4,71.7,300,1.1,4,0.1,20,0.8,1.2,9,14,2106,7125,12482,15669,25145,5,133.9,90.5,110.2,168.6,396.1
E07000078,Cheltenham,93,0,95,0,2,3,7,39.9,48.3,0.2,300,4.9,9.6,79.8,300,3,4.6,0.1,20,0.8,1.1,7.7,11.8,1516,5302,5546,7777,24427,48,98.6,60.7,73.2,121.1,143.1
E07000177,Cherwell,86,5,95,0,2,3,9,18.9,44.5,0.1,1000,5.5,10.6,63.1,849.1,1.2,4.3,0.1,20,0.8,1.1,9.9,15,1583,5950,9696,13250,21180,812,135.3,81.1,106.3,174.3,211.7
E06000049,Cheshire East,88,1,96,1,2,5,12,17.9,31.9,0.1,300,5.5,10.7,65.7,300,1.1,3.9,0,20,0.8,1.1,9.3,12.5,4837,14421,26513,37728,52132,10,122.6,75.3,96.5,162.2,421.6
E06000050,Cheshire West and Chester,87,2,95,1,2,4,11,16.9,28.4,0.1,300,5.5,11,61.8,300,1.1,3.8,0,20,0.8,1.1,9.8,15,4130,14460,23998,36846,41229,2,125,69.8,95.6,180.1,47
E07000034,Chesterfield,92,0,97,0,0,1,8,14.3,27.6,0.1,300,5.5,10,63.3,300,1.1,3.4,0.1,20,0.8,1.1,9.4,13.8,1050,5166,8169,9154,11627,4,123.2,70.3,90.3,186.5,447.8
E07000225,Chichester,83,1,97,1,3,7,16,16.2,23.2,0.2,80,5.2,11.4,51.1,0,1.1,3.6,0.1,20,0.8,1.2,10.8,0,2346,5272,8083,15687,13357,0,107.3,63.6,86,152.5,0
E07000005,Chiltern,90,0,96,0,1,3,10,22.3,38.3,0.1,300,5.8,11.9,71,300,1.2,4.5,0.1,20,0.9,1.3,9.1,15,724,2758,5795,9782,15305,3,121.1,70.6,95,151.7,759
E07000118,Chorley,92,1,97,1,2,3,7,20.8,38.1,0.1,300,5,11.3,73.3,300,1.2,4,0.1,20,0.8,1.1,8.3,15,1623,3975,5419,10658,16528,1,122.1,73.4,97,155.2,884.2
E07000048,Christchurch,95,0,99,0,1,1,5,19.2,35.7,0.1,200,5.5,10.5,70.8,0,1.1,3.8,0.1,20,0.8,1.1,7.9,0,528,2160,3422,4577,7679,0,110.5,73.4,88.2,141.9,0
S12000036,City of Edinburgh,89,0,90,0,1,3,10,24.4,47.2,0.2,300,6.3,13.2,81.4,300,1.4,3.6,0,20,0.8,1,6.4,15,2029,8773,25293,65350,100710,6,116.6,78,94.5,131.4,103.7
E09000001,City of London,62,7,98,0,0,0,31,13.2,13.8,0.2,150,6.7,13.3,61.1,0,1.1,1.1,0,20,0.9,1,10.8,0,227,616,3094,6568,101,0,62.5,40.5,61.6,148.9,0
S12000005,Clackmannanshire,87,0,92,0,1,3,13,14.9,21.2,0.2,80,5,11,50.5,0,1,3.1,0,20,0.8,1.1,10.7,0,914,2785,3346,6496,4683,0,133.9,78.1,104.3,213.8,0
E07000071,Colchester,84,0,87,1,4,9,16,19.9,38.8,0.1,300,5.1,10.5,77.7,300,1.2,3.9,0,20,0.8,1.1,8.2,15,3029,7700,10313,16656,27375,4,139.9,89,114.3,172.1,350.7
S12000013,Comhairle nan Eilean Siar,39,0,53,7,18,39,61,8.1,14.5,0.2,80,5.5,8.7,49.9,0,1,2.6,0.1,20,0.6,1.1,10.4,0,812,1580,3439,2030,1281,0,77.5,52.2,65.8,147.5,0
W06000003,Conwy,87,0,92,2,4,8,13,13.7,19.6,0.1,80,5.3,11,51.5,0,1.1,2.8,0,20,0.8,1.1,10.9,0,1970,5372,8952,14924,8412,0,110.2,59.6,83.7,200.4,0
E07000029,Copeland,83,0,89,1,2,7,17,13.3,20.8,0.1,80,5.4,10.7,51.8,0,1.1,3.1,0.1,20,0.8,1.1,10.7,0,1157,3659,5942,8029,6146,0,127.4,84.5,104.4,195.4,0
E07000150,Corby,90,4,95,0,1,3,6,22.1,55.3,0.2,1000,5.5,11.3,79.5,310.5,1.2,4,0,20,0.8,1.1,7.9,15,601,1887,3364,6601,11201,1197,172.4,107.4,142.9,196.6,181.9
E06000052,Cornwall,56,29,94,1,3,6,15,15.3,21.9,0,300,5.4,11.5,53.2,300,1.1,3,0,20,0.8,1.1,10.3,15,9345,23822,40712,74147,49152,1,108.8,63.9,95.6,146.7,221
E07000079,Cotswold,65,18,88,1,2,6,17,13.1,30,0.1,1000,5.3,10.7,52.7,1000,1.1,2.8,0,20,0.7,1,10.9,0,2172,5217,8483,12830,7865,397,86.7,52,69.3,146.3,0
E06000047,County Durham,91,0,97,1,2,3,9,15.4,22.6,0.1,300,5.3,11,50.3,300,1.1,3.4,0.1,20,0.8,1.1,10.7,0,7326,21880,32580,56799,49248,24,124.8,66.1,90.6,202.3,0
E07000199,Tamworth,99,0,99,0,0,1,1,31,45.7,0.2,300,5.5,10.5,78.7,300,2,4.3,0.1,20,0.8,1.1,7.8,15,782,2082,4097,5782,13568,5,144.6,84.5,105.6,180,247
E07000215,Tandridge,87,3,99,0,2,3,11,20.9,35.8,0.2,200,5.6,11.9,68.5,0,1.2,4.3,0.1,20,0.8,1.3,8.9,0,817,2796,5240,9072,13058,0,124.9,72,98.3,160.4,0
E07000190,Taunton Deane,81,1,89,2,4,8,18,12.3,21.8,0.1,80,5.3,9.6,51.5,0,1.1,3.5,0.1,20,0.8,1.1,10.9,0,1751,7018,10089,10746,12214,0,112.1,71.6,88.5,164.2,0
E07000045,Teignbridge,80,0,89,1,4,8,19,16.3,27.6,0.1,300,5.5,11.5,67.2,300,1.1,3.1,0,20,0.8,1.1,8.5,14,1822,5537,10152,16821,13958,5,107.2,63.7,88.5,153.5,245.3
E06000020,Telford and Wrekin,87,0,90,0,3,5,13,22,43.1,0.2,200,5.7,11.9,78.7,0,1.3,3.8,0,20,0.8,1.1,7,0,1193,4490,8453,17615,27892,0,148.7,95.1,130.2,171.9,0
E07000076,Tendring,79,0,84,1,4,7,21,14.4,20.4,0.1,80,5.1,11.1,50.1,0,1,3,0,20,0.8,1.1,10.6,0,2462,7553,10086,18121,11993,0,129.4,81.8,109.7,187.4,0
E07000093,Test Valley,76,3,86,1,5,10,21,17.2,42.6,0.1,300,5.4,9.9,79.6,300,1.2,3.7,0.1,20,0.8,1.1,8.6,15,1706,5959,10087,10485,17677,1214,116.5,74.3,87.5,163.2,418.4
E07000083,Tewkesbury,78,2,85,1,5,9,20,16.9,35.4,0.1,1000,5,10.6,79,872.7,1.1,3.6,0,20,0.8,1.1,8.5,15,1570,4354,5319,9602,11477,22,93.7,60.7,77.7,125,55
E07000102,Three Rivers,93,0,97,0,1,3,7,35.7,49.5,0.1,300,5,9.5,82.1,300,3,4.9,0.1,20,0.8,1.3,8,14.4,1114,3639,4914,4922,17775,9,133.2,85.5,102.7,158.2,667.2
E06000034,Thurrock,92,0,94,0,1,4,7,23.3,47.8,0.2,300,5.3,11,86.1,300,1.3,4.4,0.1,20,0.8,1.1,8.2,15,1914,5215,8021,13836,26561,217,160.9,106.9,141.7,182.6,378.6
E07000115,Tonbridge and Malling,88,2,96,1,2,4,11,20,42.9,0.1,1000,5.2,11.4,76.3,989.9,1.2,4.1,0.1,20,0.8,1.1,8.9,13.3,1719,4365,6592,12813,18328,208,129.5,78.6,106.8,160.1,209.9
E06000027,Torbay,89,0,93,0,0,1,11,18.1,32.1,0.1,300,6.4,13.2,73.7,300,1.1,3.1,0.1,20,0.9,1.1,8.1,13.6,599,2951,8908,21181,15208,7,131.5,85.4,117.3,164.1,1197.2
W06000020,Torfaen,93,0,95,0,2,3,7,13.5,30.2,0.1,300,5.4,9.2,69.5,300,1.1,3.5,0,20,0.8,1,8.8,15,1336,4435,7470,6833,10690,1,133.3,82.4,97.2,197.9,1444.2
E07000046,Torridge,72,0,86,6,12,19,28,11.7,19.5,0.2,80,4.9,10,52.3,0,1.1,2.9,0.1,20,0.7,1,10.8,0,2105,3992,5442,7493,5477,0,95.8,52.8,78.4,149.1,0
E09000030,Tower Hamlets,69,17,94,0,0,2,14,13.9,22.2,0,300,6.4,11.7,60.5,300,1.1,2.7,0,20,0.9,1,11.2,15,1445,7619,23878,39917,20066,2,174.1,128.8,159.3,223.6,153.2
E08000009,Trafford,96,0,98,0,0,1,3,26.9,43.7,0.2,300,6,11.7,76,300,1.3,4.2,0,20,0.8,1.1,7.9,14.4,1319,5172,12204,21894,40131,8,125.3,76.6,97.3,154.1,364.8
E07000116,Tunbridge Wells,86,0,94,1,3,7,14,18.6,32.4,0.1,300,5.8,11.3,66.9,300,1.1,4.1,0.1,20,0.8,1.2,9.7,15,1115,3778,8223,11747,15260,1,128.8,80.4,105.2,166,711.7
E07000077,Uttlesford,60,1,66,2,7,18,39,14.3,23.7,0.2,200,5.2,11.1,65.8,0,1.1,2.8,0.1,20,0.8,1.1,9.5,0,1626,4326,6581,11917,7301,0,113.3,77.5,99.7,157.6,0
W06000014,Vale of Glamorgan,90,0,94,1,3,5,10,20,38.9,0.1,300,5.4,11.1,75.5,300,1.2,3.9,0,20,0.8,1.1,8.1,15,1524,4247,7597,12355,19460,1,108.9,73.9,91.8,131.4,46.4
E07000180,Vale of White Horse,82,9,96,0,2,4,9,21.4,68.6,0.2,1000,5.4,11.2,71.7,938.9,1.2,4.2,0.1,20,0.8,1.2,8.8,12.1,1250,4877,7516,12197,20808,1637,118.8,67.7,93.7,150.4,610.2
E08000036,Wakefield,93,0,97,0,1,2,7,16.2,29.3,0.1,200,5.3,10.4,64.9,0,1.1,3.4,0.1,20,0.8,1.1,8.4,0,4197,15110,21912,31715,38854,0,143.6,89.8,116.3,195.9,0
E08000030,Walsall,93,0,94,0,0,2,7,20.3,40.2,0.1,300,6,11.2,75.9,300,1.2,3.6,0.1,20,0.8,1.1,7,13.8,1392,6647,15307,22944,37601,4,150.4,107.5,134.4,172.6,87.5
E09000031,Waltham Forest,79,18,97,0,0,1,4,24,44.3,0.1,300,6.7,12,77.3,300,1.3,3.6,0,20,0.9,1.1,6.5,15,758,3408,15203,24175,42545,5,176.3,129.8,160,194.5,407.4
E09000032,Wandsworth,87,5,93,0,0,1,7,19.5,35.8,0,300,6.2,12.2,68.9,300,1.2,3.9,0,20,0.8,1.1,8.6,13.3,1307,7225,19625,40048,48591,3,145.8,101.7,126.3,171.6,124.8
E06000007,Warrington,95,0,98,0,1,1,5,24,45.2,0.1,300,5.3,10.7,81.2,300,1.3,4.3,0,20,0.8,1.1,8,13.6,2437,6982,11250,17477,36509,14,126.4,73.3,91.6,163,237.5
E07000222,Warwick,93,0,96,0,1,3,7,30,43.5,0.1,300,5.2,10.8,75.3,300,1.3,4.5,0.1,20,0.8,1.1,8.3,13.3,1385,5279,6779,11627,25793,3,129.2,79.8,98.1,157.2,462
E07000103,Watford,95,0,95,0,0,1,5,39.9,50.8,0.2,300,6.2,11.6,82.8,300,3,4.4,0,20,0.9,1.1,7.3,10,362,1775,5433,7683,18683,1,152.6,114.6,137.8,166.4,795.9
E07000206,Waveney,87,1,94,1,2,4,11,17,24.6,0,300,4.8,10.4,51,300,1.1,4,0,20,0.7,1.2,10.7,0,2720,5506,6613,11030,13464,55,123,67.3,94.9,169.5,0
E07000216,Waverley,86,2,97,1,2,4,13,20,29.9,0.1,200,5.4,11.4,57.2,0,1.2,4.4,0,20,0.8,1.3,10.3,0,1350,4864,7630,13104,18244,0,118.7,68.8,92.8,155,0
E07000065,Wealden,83,0,96,2,4,8,16,16.1,23.1,0.2,80,5.6,11.8,51.7,0,1.1,3.6,0,20,0.8,1.2,11.1,0,2085,5674,11481,21290,16007,0,115.6,67,92,170.6,0
E07000156,Wellingborough,92,0,94,0,2,4,8,20.6,40.4,0.1,200,5.2,11.5,79,0,1.2,3.9,0,20,0.8,1.1,8,0,992,2876,4037,8323,12190,0,141.4,79.4,113,178.9,0
E07000241,Welwyn Hatfield,91,0,96,0,1,2,9,31.9,48.2,0.1,300,5.2,10.3,83,300,3,4.5,0,20,0.8,1.1,7.9,15,1191,4084,5794,7988,20754,1,141.2,92.5,106.2,172.1,161.8
E06000037,West Berkshire,76,19,97,0,1,1,5,19.1,35.3,0.1,1000,5.5,11.7,69,983.8,1.2,4,0,20,0.8,1.2,9.4,15,1910,5922,9768,18681,21841,130,121.2,69.6,91.2,167.2,272.3
E07000047,West Devon,63,0,80,6,13,23,37,10.6,17.4,0.2,80,5.6,10.5,51.9,0,1.1,2.4,0.1,20,0.7,1,10.4,0,1143,3055,6098,7403,3525,0,88,56.5,75.7,145.8,0
E07000052,West Dorset,80,0,91,3,6,10,20,14.3,21.4,0.2,80,5.2,10.7,51.8,0,1.1,3.3,0,20,0.7,1.1,10.8,0,2421,5487,8813,12957,10436,0,89.1,49.3,71.6,134.8,0
S12000039,West Dunbartonshire,96,0,97,0,0,1,4,50,60,0.2,300,6.2,12.1,98.2,300,3,4.3,0,20,0.9,1,7,14.3,451,1654,4697,8784,19440,14,123.8,90.9,110.8,137.8,638.9
E07000127,West Lancashire,83,0,90,1,4,8,17,15.1,21.5,0.1,200,5.3,11.3,51.2,0,1.1,3.1,0,20,0.8,1.1,10.6,0,1545,4887,7505,14196,9642,0,141.6,86.7,110.2,223.8,0
E07000142,West Lindsey,85,0,97,2,6,8,15,17.2,27.7,0.2,300,5.4,10.9,59.3,300,1.2,4,0.1,20,0.7,1.2,9.8,15,1534,3682,6339,9528,11269,1,105.1,54.1,77.3,153.3,1270.5
S12000040,West Lothian,81,0,84,1,2,5,18,16.8,34.5,0.1,300,5.6,11.2,81.9,300,1.1,3.4,0.1,20,0.8,1.1,8.3,15,1725,7440,12960,21433,21428,2,147,88.9,118.2,205.3,85.9
E09000033,Westminster,70,5,91,0,0,0,25,17.3,22,0.2,200,6.8,14.8,59.1,0,1.1,2.3,0,20,0.9,1,12,0,1060,3556,17250,67155,17408,0,127.9,83.1,114.6,184.7,0
E07000181,West Oxfordshire,86,9,98,0,1,2,5,20,45.4,0.1,1000,5.6,11.6,65.6,996.1,1.2,4.3,0.1,20,0.8,1.2,9.9,15,1278,3783,7414,12011,16293,537,115.6,66.5,87.7,155.8,608.8
E07000191,West Somerset,80,0,93,4,7,12,20,9.1,17.4,0.2,80,4.9,9.8,53.8,0,1.1,2.4,0.1,20,0.8,1,11.1,0,907,2831,3446,4340,2414,0,76,49.8,63.8,135.8,0
E07000053,Weymouth and Portland,95,0,98,0,0,2,5,16.6,24.7,0.1,80,6.1,11.9,52.4,0,1.1,3.6,0.1,20,0.9,1.2,10.8,0,349,2006,4820,8262,7147,0,136.7,91.5,118.6,174.7,0
E08000010,Wigan,97,0,98,0,0,1,3,30,48,0.1,300,5.7,11.5,82.1,300,2,3.9,0.1,20,0.8,1.1,6.7,14.2,2179,7878,16442,27185,57260,6,135.7,91.6,118,154.9,248
E06000054,Wiltshire,84,0,94,1,3,6,16,18.1,33.2,0.1,300,5.5,11.5,69.6,300,1.2,3.8,0.1,20,0.8,1.2,9,12.8,5977,18425,33062,57769,63923,734,115.1,67.1,93.3,154.3,251
E07000094,Winchester,74,0,81,1,5,11,26,16.8,31.6,0.2,300,5.2,10.5,69.7,300,1.1,3.7,0.1,20,0.8,1.1,8.8,15,1908,6110,8400,12437,15606,63,102.7,62.9,79.9,145.2,251.2
E06000040,Windsor and Maidenhead,88,1,94,0,1,2,11,22,37.1,0.1,300,5.2,10.9,68.7,300,1.2,4.6,0.1,20,0.8,1.3,9.6,13.8,1573,6162,8166,13359,24200,4,140.4,81.8,109,177,178.6
E08000015,Wirral,95,0,97,0,0,1,5,18.6,38.1,0.1,300,6.1,11.9,79.1,300,1.2,3.6,0,20,0.8,1.1,7.8,13.8,2067,7795,20825,38154,44102,4,128.5,77,102.3,170.1,401.7
E07000217,Woking,96,1,99,0,0,0,3,40,52.8,0.2,300,6,11.9,83.4,300,3,5,0.1,20,0.8,1.2,8.1,15,441,2090,5065,8257,21188,4,130.6,76.3,97.1,156.2,662.6
E06000041,Wokingham,89,1,95,0,1,2,10,30,42.9,0.1,300,5.4,11.7,73.1,300,2,4.7,0.1,20,0.8,1.2,8.6,14.4,1376,4700,7273,14874,28952,8,137.5,79,109.3,164.8,317.2
E08000031,Wolverhampton,97,0,97,0,0,1,3,30,47,0.2,300,6.2,11.8,79,300,2.5,3.7,0,20,0.9,1.1,6.3,15,861,4259,12404,20386,41600,1,155.4,113,142.5,171.4,166.3
E07000237,Worcester,97,0,99,0,0,0,3,15.4,27.6,0.1,300,5.2,9,52.6,300,1.1,4.1,0.1,20,0.8,1.1,11.2,0,1331,5849,7287,6784,13232,256,147.1,97.6,114.8,194,0
E07000229,Worthing,99,0,100,0,0,0,1,39.9,53.7,0.2,300,6.6,12.8,87.5,300,3,4.5,0.1,20,0.9,1.1,7.5,13.5,299,1342,5385,11258,22129,10,131.9,82.4,117.4,144.7,490
W06000006,Wrexham,86,1,92,1,3,7,13,13.3,21.8,0.1,1000,5.4,10.1,50.5,1000,1.1,3.4,0.1,20,0.8,1.1,10.8,0,1867,6561,10241,12517,12527,6,124.4,72,92.5,198,0
E07000121,Lancaster,88,2,94,1,2,4,10,16.4,64.8,0,1000,6,11.6,62.4,1000,1.1,3.4,0,20,0.8,1.1,10.3,0,1184,4160,10186,16535,15251,1861,127.4,78,110.2,167.9,0
E08000035,Leeds,92,1,95,0,1,2,7,20.3,40.4,0,300,5.5,11,77.5,300,1.2,3.6,0,20,0.8,1,7.2,13.6,6650,26270,45212,70330,117546,22,146.4,95.6,119.4,183.3,461.1
E06000016,Leicester,93,0,94,0,0,1,7,30,47.8,0.1,300,6,12.1,80.1,300,2,3.7,0,20,0.8,1,6.1,12.9,1467,6219,14433,26650,53718,21,164.3,120.8,147.9,181.5,241.5
E07000063,Lewes,91,1,98,1,2,3,9,16.8,23.4,0.1,80,6.1,12.8,51.7,0,1.1,3.5,0.1,20,0.9,1.2,11.1,0,881,2633,7094,15561,9804,0,135.7,81.4,115.1,185.8,0
E09000023,Lewisham,84,9,93,0,0,3,8,18,33.6,0.2,300,6.4,12.2,70.4,300,1.1,3.3,0.1,20,0.9,1.1,7.8,10,1156,5864,18541,36020,35943,1,168.6,129.6,156.9,188.4,0
E07000194,Lichfield,91,0,97,1,2,4,9,20,37.3,0.2,300,5.7,11.1,71.9,300,1.2,4.1,0.1,20,0.8,1.1,8.3,12.5,966,3391,6526,9822,15671,2,116.5,65.3,87.2,155.1,1434.1
E07000138,Lincoln,98,0,98,0,0,1,2,50,56.2,0.2,300,5.1,9.8,82.5,300,3,4.8,0.1,20,0.8,1,6.9,15,751,3280,3728,4909,22342,5,137.7,78.9,92.4,163.7,577.3
N09000007,Lisburn and Castlereagh,87,0,98,1,3,6,12,24,36.8,0.1,300,4.9,9.5,66.6,300,1.3,4.9,0.1,20,0.8,1.2,9.5,15,2432,5887,7440,8792,22485,4,125.2,72.3,89.1,163.3,438
E08000012,Liverpool,93,2,95,0,0,1,5,21.5,44,0.1,300,6.3,12.9,80.9,300,1.3,3.6,0,20,0.8,1.1,6.6,15,2168,7152,22741,54103,72409,4,140.4,95.7,119.7,167.2,299.3
E06000032,Luton,98,0,98,0,0,1,2,44.1,53.3,0.1,300,5,10.4,82.5,300,3,4.3,0.1,29.6,0.8,1,6.7,15,1666,5974,6957,11491,38381,1,160.7,111.2,138.3,177.9,682
E07000110,Maidstone,87,0,94,1,3,6,13,21,38.4,0.1,300,5,10.8,73.1,300,1.2,4.2,0.1,33.8,0.8,1.1,8.5,13.6,2520,6464,8411,14377,25141,7,133,80.7,104.8,167.8,346.1
E07000074,Maldon,71,0,79,1,5,11,29,13.8,18.7,0.2,80,5.1,11.1,51.4,0,1,2.7,0,20,0.8,1.1,11.2,0,1475,3369,4782,9078,4401,0,119.9,72.8,101,192.6,0
E07000235,Malvern Hills,71,0,83,4,10,19,29,9.3,19,0.2,80,5,9.2,51.1,0,1,3,0.1,20,0.8,1.1,10.7,0,1863,5447,6844,7008,6486,0,92.3,55.5,68.6,159.8,0
E08000003,Manchester,88,2,91,0,1,2,10,16.5,33.6,0,300,6,10.7,71.7,300,1.1,3.3,0,20,0.8,1,7.7,14,3743,15031,36070,48281,62284,5,148.8,105.3,122,195.5,65.2
E07000174,Mansfield,97,0,99,0,0,1,3,39.8,50.1,0.2,300,5.6,10.5,83.8,300,3,4.3,0.1,20,0.8,1.1,7.1,15,665,3379,5743,7461,20289,1,131.9,80.2,100.7,161,48.2
E06000035,Medway,95,0,97,0,1,2,5,39.9,52.8,0.2,300,5.5,11,88.2,300,3,4.5,0,20,0.8,1.1,7.6,13.8,2175,8015,12958,20295,51176,28,152.7,103.5,137.6,166.9,362.7
E07000133,Melton,84,0,91,3,6,10,16,18.6,35.4,0.2,200,5.5,11.5,77.7,0,1.2,3.5,0,20,0.8,1.1,7.9,0,762,1728,3503,5962,6729,0,105.6,58.4,84,143.8,0
E07000187,Mendip,76,0,87,2,5,10,24,14.4,24.9,0.1,300,5.7,11.2,65.5,300,1.1,2.9,0,20,0.8,1.1,8.9,11.7,1581,4790,10135,15189,10688,3,103.7,62.5,87.6,150.6,21.5
W06000024,Merthyr Tydfil,29,2,33,0,11,40,69,11.2,19.4,0.1,80,5.3,9.6,49.7,0,1,3,0,20,0.8,1.1,10.9,0,787,3217,4715,5245,4534,0,139.8,90,108.1,231.9,0
E09000024,Merton,96,1,96,0,0,1,4,39.8,46.6,0.1,300,6.2,11.3,76.7,300,3,4.3,0,20,0.9,1.1,7.2,15,804,4350,11501,16484,38933,3,149.5,100.5,119.7,173.4,254.7
N09000008,Mid and East Antrim,78,0,92,4,6,9,21,17.4,25,0,80,5,10.7,52.4,0,1.1,3.8,0,20,0.8,1.1,10.9,0,2627,5537,7772,12725,15006,0,121.6,69.3,88.6,181.5,0
E07000042,Mid Devon,67,0,81,4,9,17,33,11.3,17.6,0.2,300,5.4,10.5,51,300,1,2.5,0.1,20,0.7,1,10.5,0,1841,4058,7779,10186,5111,1,102.7,60.1,89.1,161.4,0
E06000002,Middlesbrough,94,0,94,0,2,3,6,39.9,52.6,0.2,300,5.5,11.2,89,300,3,3.8,0,20,0.8,1,6.3,15,1056,3644,6338,10549,24542,5,131.3,85.1,103.7,158.2,175.9
S12000019,Midlothian,76,0,81,2,6,10,24,11.1,18.1,0.1,80,4.7,9.6,50.1,0,1,2.7,0,20,0.8,1,10.8,0,2401,5965,6407,9679,6486,0,121.9,76.5,100,198.9,0
E07000203,Mid Suffolk,65,1,82,5,12,22,34,10.3,19.1,0.1,152,5.1,9.7,51.1,0,1,3.2,0.1,20,0.7,1.1,11,0,2817,5757,9144,10021,8135,0,101.9,60.9,82.3,161.7,0
E07000228,Mid Sussex,91,1,99,0,1,2,8,18.2,26.4,0.2,80,6.1,12.1,52.1,0,1.1,4.2,0.1,20,0.8,1.3,11.1,0,1062,3822,10844,17787,18531,0,132,78.4,103.5,178.3,0
N09000009,Mid Ulster,66,0,95,7,12,18,34,17.5,25,0,80,4.6,10.2,51.8,0,1.2,4.1,0,20,0.7,1.2,10.5,0,3571,4921,6673,10487,14226,0,118,64.7,90.3,162.3,0
E06000042,Milton Keynes,83,12,97,1,2,3,6,15.5,26.9,0,330,4.7,9.4,52.7,300.3,1,3.9,0,20,0.8,1,11.5,0,4504,16235,14832,20851,30741,784,167.8,105,125.6,241.8,247.8
E07000210,Mole Valley,86,4,98,1,1,2,10,22,39.6,0.2,300,5.9,12.1,73.4,300,1.3,4.6,0.1,20,0.8,1.4,8.8,13,612,2464,5489,9204,14469,5,111.3,59.1,83.1,144.3,340.6
W06000021,Monmouthshire,77,2,89,3,8,13,22,12.6,19.6,0.1,80,5.3,10.4,52.6,0,1.1,2.8,0,20,0.8,1.1,11,0,1903,4448,8102,11299,7183,0,102.5,66.4,81.6,173.2,0
S12000020,Moray,76,0,88,3,6,11,24,14.2,20.1,0.2,80,5.4,11.4,50.8,0,1.1,3,0,20,0.8,1.1,10.9,0,1636,4548,7951,12936,7687,0,107.3,63,80.4,192.9,0
W06000012,Neath Port Talbot,93,0,96,1,2,2,7,21.4,44.4,0.1,300,5.2,11.2,85.1,300,1.3,3.9,0,20,0.8,1.1,7.4,13.6,1565,4994,7212,12848,21708,7,129.8,78.6,106.8,160.6,254.1
E07000175,Newark and Sherwood,88,0,94,1,4,6,12,20,37.1,0.1,300,5.1,11,74.2,300,1.2,3.8,0,20,0.8,1.2,7.9,10,1880,4571,6382,11372,16981,2,114.4,61.5,82.1,159.7,2.6
E07000195,Newcastle-under-Lyme,93,0,96,0,2,3,7,18.4,38,0,300,5.5,10.3,78.9,300,1.2,3.8,0,20,0.8,1.1,7.9,14.2,1297,4993,8123,10491,16832,6,131,81.7,106.5,168.8,373.4
E08000021,Newcastle upon Tyne,93,2,96,0,0,0,5,19.9,39.1,0.1,300,6,12.1,77.2,300,1.2,3.6,0.1,20,0.9,1.1,7.5,13.3,1556,6302,15758,31302,38719,15,136.9,85.3,109.2,172.7,291.3
E07000091,New Forest,84,0,92,2,4,7,16,16,25.6,0.1,300,5.7,11.4,59,300,1.1,3.4,0,20,0.8,1.2,9.9,15,2395,6630,14103,22471,19284,1,105.8,62.9,84,151.4,791.4
E09000025,Newham,86,11,97,0,0,1,3,15.6,33,0.1,300,6.2,10.3,69.3,300,1.1,3.6,0,20,0.8,1,8.6,15,1664,7214,20887,23898,33415,20,222.7,161.7,190.9,274.5,383.2
W06000022,Newport,84,0,86,0,1,9,16,24,45.7,0.1,300,5.5,10.4,82,300,1.4,4.2,0,20,0.8,1.1,7.5,14,1347,4845,8757,11040,25189,5,137,86,106.2,170,1263
N09000010,"Newry, Mourne and Down",72,1,96,6,9,13,27,18.1,25.2,0.1,80,4.6,10.9,52.2,0,1.1,3.9,0,20,0.7,1.1,10.7,0,4316,6169,7865,15910,18133,0,125.6,69,97,174.4,0
E07000154,Northampton,97,0,97,0,0,2,3,30,48.9,0.1,300,6,10.4,85.7,300,2,4.2,0,20,0.8,1,7.5,15,1347,6117,14340,17501,40930,7,148.3,106.2,125.1,172.4,294.5
S12000021,North Ayrshire,80,0,86,0,1,5,20,14.7,25.2,0.1,300,6.1,12,70.9,300,1.1,2.8,0,20,0.8,1.1,9.5,12.5,1242,4706,12262,21185,11354,4,136.3,82.7,119.8,193,5.1
E07000043,North Devon,80,0,89,3,6,12,20,14.9,21.2,0.1,80,5.2,11.2,52.3,0,1.1,3.1,0,20,0.7,1.1,10.9,0,2152,4604,7313,12882,8682,0,109.9,57.4,86.4,174.7,0
E07000050,North Dorset,79,0,91,3,8,12,21,14.9,20.6,0.2,80,5,11.5,50.8,0,1.1,3,0.1,20,0.8,1.2,10.7,0,1512,3166,4528,10022,5789,0,93.3,50.3,73.3,152.4,0
N09000011,North Down and Ards,89,0,99,1,2,4,11,20.9,29.7,0,300,5.3,11,54.6,300,1.2,4.6,0,20,0.8,1.2,10.6,10,1980,6061,8807,14360,23403,3,125.3,68,87.7,173.5,531.5
E07000038,North East Derbyshire,84,0,96,1,3,6,16,12.2,20.3,0.1,200,4.8,9.7,50.1,0,1,3,0.1,20,0.8,1.1,10.3,0,1951,6198,6648,9218,8546,0,106.9,60,79,178.6,0
E06000012,North East Lincolnshire,97,0,98,0,1,2,3,50,61,0.1,300,6,12,94.8,300,3,4.4,0.1,20,0.9,1.1,6.7,14.1,781,2670,6811,12454,32884,17,125.6,76.9,101.7,144.1,355
E07000099,North Hertfordshire,84,0,87,0,1,5,16,23.6,47.1,0.2,300,5.5,12.9,84,300,1.3,4.1,0.1,20,0.8,1.1,7.6,15,1238,2964,5978,15563,23818,1,122.9,74.4,102.1,145.8,133
E07000139,North Kesteven,89,0,97,2,4,6,11,21.2,36.3,0.1,300,4.9,11.2,69.1,300,1.2,4.3,0.1,20,0.8,1.1,8.7,11.7,2146,4285,5675,11022,17716,3,111.7,59,85.3,144.5,175
S12000044,North Lanarkshire,93,0,95,0,1,3,7,23.7,49.9,0.1,300,5.1,10.5,91.4,300,1.4,4.2,0,20,0.8,1,7.7,15,4208,12507,17668,27663,58756,4,135.2,87.8,108,165.4,760.3
E06000013,North Lincolnshire,86,0,92,1,3,5,14,20.3,38.1,0.1,300,4.7,10.3,74.7,300,1.2,4,0,20,0.7,1.1,8,13.3,3519,6768,7953,13345,23877,3,115.7,59.2,81.7,160.4,1216.5
E07000147,North Norfolk,75,0,85,2,7,16,25,13.8,19.5,0.2,80,5.3,11.1,51.3,0,1.1,2.9,0,20,0.7,1.1,10.6,0,2338,5769,9649,14615,8619,0,85.9,48.8,72.2,130.3,0
E06000024,North Somerset,83,0,89,2,3,5,17,14.9,27.8,0.1,300,5.7,10.9,67.4,300,1.1,3.2,0,20,0.8,1.1,8.9,15,2368,8745,17739,25447,23181,1,119.5,77.5,97.8,164.5,1216.3
E08000022,North Tyneside,88,0,88,0,2,7,12,19.7,42,0.1,300,5.5,10.4,85.1,300,1.2,3.6,0,20,0.8,1,7.4,13.6,1983,8605,13956,18786,31643,11,117,83.7,98.8,144.1,1294.8
E06000057,Northumberland,86,1,95,2,4,6,13,15.1,22.3,0.1,80,5.4,10.8,50.7,0,1.1,3.5,0,20,0.8,1.1,10.6,0,5791,14268,24794,36599,33070,0,117.7,64.6,88.4,185,0
E07000218,North Warwickshire,84,0,92,1,4,8,16,16.2,25,0.1,300,4.9,11.1,58.6,300,1.1,3.3,0.1,20,0.8,1.1,9.8,15,1303,3048,3706,7622,6514,2,129.2,71.2,104.6,182.9,315.5
